Date,Close
2012-10-01,4462.26
2012-10-02,4576.11
2012-10-03,4537.68
2012-10-04,4517.42
2012-10-07,4416.86
2012-10-08,4372.56
2012-10-09,4451.93
2012-10-10,4377.85
2012-10-11,4358.15
2012-10-14,4328.66
2012-10-15,4344.07
2012-10-16,4357.46
2012-10-17,4333.39
2012-10-18,4335.11
2012-10-21,4324.32
2012-10-22,4390.86
2012-10-23,4448.29
2012-10-30,4426.39
2012-10-31,4369.49
2012-11-01,4360.8
2012-11-04,4287.28
2012-11-05,4272.05
2012-11-06,4264.13
2012-11-07,4224.32
2012-11-08,4227.26
2012-11-11,4135.63
2012-11-12,4106.75
2012-11-13,4172.44
2012-11-14,4191.32
2012-11-15,4244.8
2012-11-18,4221.42
2012-11-19,4109.38
2012-11-20,4045.97
2012-11-21,4031.81
2012-11-22,4028.83
2012-11-26,3938.81
2012-11-27,3916.23
2012-11-28,3880.99
2012-11-29,4093.99
2012-12-02,4042.38
2012-12-03,3973.5
2012-12-04,3972.91
2012-12-05,3979.13
2012-12-06,3953.66
2012-12-09,3906.8
2012-12-10,3897.83
2012-12-11,3936.49
2012-12-12,3950.79
2012-12-13,3975.41
2012-12-17,4061.72
2012-12-18,4020.46
2012-12-19,4065.66
2012-12-20,4059.17
2012-12-23,4029.78
2012-12-24,4035.79
2012-12-26,4063.67
2012-12-27,4088.7
2012-12-30,4102.48
2013-01-01,4074.94
2013-01-02,4024.47
2013-01-03,4045.67
2013-01-06,4048.45
2013-01-07,4012.65
2013-01-08,4004.72
2013-01-09,4008.27
2013-01-10,4018.55
2013-01-13,4008.85
2013-01-14,3997.76
2013-01-15,3999.28
2013-01-16,4018.26
2013-01-17,4051.68
2013-01-20,4022.31
2013-01-21,4002.27
2013-01-22,4027.39
2013-01-23,4039.06
2013-01-24,4052.29
2013-01-27,4055.91
2013-01-28,4090.47
2013-01-29,4154.62
2013-01-30,4126.75
2013-01-31,4136.31
2013-02-03,4163.83
2013-02-04,4164.62
2013-02-05,4191.51
2013-02-06,4201.99
2013-02-07,4199.59
2013-02-10,4248.45
2013-02-11,4271.15
2013-02-12,4240.44
2013-02-13,4253.46
2013-02-14,4304.97
2013-02-17,4286.32
2013-02-18,4265.09
2013-02-19,4210.27
2013-02-20,4155.45
2013-02-24,4058.66
2013-02-25,4010.28
2013-02-26,4068.4
2013-02-27,3956.9
2013-02-28,3973.28
2013-03-03,3765.98
2013-03-04,3894.59
2013-03-05,3884.51
2013-03-06,3854.66
2013-03-07,3832.85
2013-03-10,3791.86
2013-03-11,3761.97
2013-03-12,3787.86
2013-03-13,3836.11
2013-03-14,3845.81
2013-03-18,3862.7
2013-03-19,3894.62
2013-03-20,3856.62
2013-03-24,3774.72
2013-03-25,3725.61
2013-03-27,3642.7
2013-03-28,3681.66
2013-03-31,3590.05
2013-04-01,3458.1
2013-04-02,3503.15
2013-04-03,3526.14
2013-04-04,3507.86
2013-04-07,3493.27
2013-04-08,3515.1
2013-04-09,3594.43
2013-04-10,3611.3
2013-04-11,3590.03
2013-04-15,3636.76
2013-04-16,3571.5
2013-04-17,3572.68
2013-04-18,3571.27
2013-04-21,3525.14
2013-04-22,3515.97
2013-04-23,3515.27
2013-04-24,3506.56
2013-04-25,3503.56
2013-04-28,3454.53
2013-04-29,3444.81
2013-04-30,3438.9
2013-05-02,3468.18
2013-05-05,3468.56
2013-05-06,3472.17
2013-05-07,3526.6
2013-05-08,3516.92
2013-05-09,3559.25
2013-05-12,3639.8
2013-05-13,3679.83
2013-05-14,3771.06
2013-05-15,3715.94
2013-05-16,3773.78
2013-05-19,3873.63
2013-05-20,3902.39
2013-05-21,3832.62
2013-05-22,3762.09
2013-05-26,3683.98
2013-05-27,3748.22
2013-05-28,3757.99
2013-05-29,3855.14
2013-05-30,3878.07
2013-06-02,3943.25
2013-06-03,3974.97
2013-06-04,3974.49
2013-06-05,4048.04
2013-06-06,4028.13
2013-06-09,3882.81
2013-06-10,4006.83
2013-06-11,4062.75
2013-06-12,4103.39
2013-06-13,4079.8
2013-06-16,4179.68
2013-06-17,4165.71
2013-06-18,4184.47
2013-06-19,4259.22
2013-06-20,4213.92
2013-06-23,4170.16
2013-06-24,4146.56
2013-06-26,4190.09
2013-06-27,4149.16
2013-06-30,4104.65
2013-07-02,4224.16
2013-07-03,4231.96
2013-07-04,4270.43
2013-07-07,4278.1
2013-07-08,4263.24
2013-07-09,4321.32
2013-07-10,4345.46
2013-07-11,4262.93
2013-07-14,4206.61
2013-07-15,4275.5
2013-07-16,4295.83
2013-07-17,4284.13
2013-07-18,4223.62
2013-07-21,4090.02
2013-07-22,4054.75
2013-07-23,3929.57
2013-07-24,4076.5
2013-07-25,3979.2
2013-07-28,3919.72
2013-07-29,3975.13
2013-07-30,3957.2
2013-07-31,3940.81
2013-08-01,3911.75
2013-08-04,3833.53
2013-08-05,3891.98
2013-08-12,3916.83
2013-08-13,3979.35
2013-08-14,3983.47
2013-08-18,4033.78
2013-08-19,4083.92
2013-08-20,4082.67
2013-08-21,4068.73
2013-08-22,4125.27
2013-08-25,4163.18
2013-08-26,4134.12
2013-08-27,4132.13
2013-08-29,4127.48
2013-09-01,4140.3
2013-09-02,4100.36
2013-09-03,4127.61
2013-09-04,4128.18
2013-09-05,4118.5
2013-09-08,4077.37
2013-09-09,4071.16
2013-09-10,4073.63
2013-09-11,4076.96
2013-09-12,4077.95
2013-09-15,4123.91
2013-09-16,4137.94
2013-09-17,4118.81
2013-09-18,4116.17
2013-09-19,4097.71
2013-09-22,4036.79
2013-09-23,4021.08
2013-09-24,4030.1
2013-09-25,4005.92
2013-09-26,4013.38
2013-09-29,3968.79
2013-09-30,3937.68
2013-10-01,3928.49
2013-10-02,3954.49
2013-10-03,3948.44
2013-10-06,3882.33
2013-10-07,3857.25
2013-10-08,3792.36
2013-10-09,3821.57
2013-10-10,3843.56
2013-10-20,3771.68
2013-10-21,3763.89
2013-10-22,3814.67
2013-10-23,3883.86
2013-10-24,3799.27
2013-10-27,3909.14
2013-10-28,3951.51
2013-10-29,3989.14
2013-10-30,3946.02
2013-10-31,3967.73
2013-11-03,3993.33
2013-11-04,4085.21
2013-11-05,4090.12
2013-11-06,4111.97
2013-11-07,4200.81
2013-11-10,4244.7
2013-11-11,4198.51
2013-11-12,4197.71
2013-11-13,4212.72
2013-11-14,4241.54
2013-11-17,4256.42
2013-11-18,4279.43
2013-11-19,4381.37
2013-11-20,4439.6
2013-11-21,4395.94
2013-11-24,4324.7
2013-11-25,4354.89
2013-11-26,4277.55
2013-11-27,4268.66
2013-11-28,4230.73
2013-12-01,4147.21
2013-12-02,4197.92
2013-12-03,4310.72
2013-12-04,4294.23
2013-12-05,4277.39
2013-12-08,4302.57
2013-12-09,4289.82
2013-12-10,4329.54
2013-12-11,4333.79
2013-12-12,4299.58
2013-12-15,4280.72
2013-12-17,4270.59
2013-12-18,4240.13
2013-12-19,4244.64
2013-12-22,4288.87
2013-12-23,4265.24
2013-12-24,4228.91
2013-12-26,4200.96
2013-12-29,4209.69
2013-12-30,4266.55
2014-01-01,4286.15
2014-01-02,4314.09
2014-01-06,4296.34
2014-01-07,4330.63
2014-01-08,4391.27
2014-01-09,4407.83
2014-01-12,4437.82
2014-01-13,4454.83
2014-01-15,4494.02
2014-01-16,4519.36
2014-01-19,4565.4
2014-01-20,4550.48
2014-01-21,4584.63
2014-01-22,4640.56
2014-01-23,4702.66
2014-01-26,4758.38
2014-01-27,4751.62
2014-01-28,4706.54
2014-01-29,4748.51
2014-01-30,4753.17
2014-02-02,4787.66
2014-02-03,4826.51
2014-02-04,4809.55
2014-02-05,4811.5
2014-02-06,4845.09
2014-02-09,4822.72
2014-02-10,4797.97
2014-02-11,4763.47
2014-02-12,4763.71
2014-02-13,4759.33
2014-02-16,4713.88
2014-02-17,4684.07
2014-02-18,4671.57
2014-02-19,4749.24
2014-02-20,4761.18
2014-02-23,4727.44
2014-02-24,4751.58
2014-02-25,4756.89
2014-02-26,4750.26
2014-02-27,4749.87
2014-03-02,4697.3
2014-03-03,4687.19
2014-03-04,4703.88
2014-03-05,4697.54
2014-03-06,4699.63
2014-03-09,4687.2
2014-03-10,4665.57
2014-03-11,4672.64
2014-03-12,4660.53
2014-03-13,4635.34
2014-03-16,4591.17
2014-03-18,4554.78
2014-03-19,4519.02
2014-03-20,4558.93
2014-03-23,4519.55
2014-03-24,4466.08
2014-03-25,4498.77
2014-03-27,4508.06
2014-03-30,4478.69
2014-03-31,4491.98
2014-04-01,4526.94
2014-04-02,4595.81
2014-04-03,4621.23
2014-04-06,4588.79
2014-04-07,4608.29
2014-04-08,4586.91
2014-04-09,4594.33
2014-04-10,4592.73
2014-04-13,4573.57
2014-04-15,4606.76
2014-04-16,4590.15
2014-04-17,4598.92
2014-04-20,4616.44
2014-04-21,4648.75
2014-04-22,4659.99
2014-04-23,4694.22
2014-04-24,4702.45
2014-04-27,4666.41
2014-04-28,4624.76
2014-04-29,4567.04
2014-04-30,4566.86
2014-05-04,4504.78
2014-05-05,4506.45
2014-05-06,4562.97
2014-05-07,4575.51
2014-05-08,4555.12
2014-05-11,4498.35
2014-05-12,4497.12
2014-05-14,4457.49
2014-05-15,4416.96
2014-05-18,4402.51
2014-05-19,4364.27
2014-05-20,4363.5
2014-05-21,4410.63
2014-05-22,4384.06
2014-05-25,4378.25
2014-05-26,4378.34
2014-05-27,4415.75
2014-05-28,4430.98
2014-05-29,4430.48
2014-06-01,4448.58
2014-06-02,4447.46
2014-06-03,4418.79
2014-06-04,4401.0
2014-06-05,4396.54
2014-06-08,4346.34
2014-06-09,4415.96
2014-06-10,4401.88
2014-06-11,4411.17
2014-06-12,4408.8
2014-06-15,4361.59
2014-06-16,4358.75
2014-06-17,4338.87
2014-06-18,4340.46
2014-06-19,4328.41
2014-06-22,4322.26
2014-06-23,4367.9
2014-06-24,4392.94
2014-06-25,4403.65
2014-06-26,4409.43
2014-06-29,4487.07
2014-06-30,4480.52
2014-07-02,4466.62
2014-07-03,4436.21
2014-07-06,4411.16
2014-07-07,4376.77
2014-07-08,4376.52
2014-07-09,4371.0
2014-07-10,4363.09
2014-07-13,4344.37
2014-07-14,4376.9
2014-07-15,4362.79
2014-07-16,4389.36
2014-07-17,4392.15
2014-07-20,4374.19
2014-07-21,4394.95
2014-07-22,4424.6
2014-07-23,4388.69
2014-07-24,4427.16
2014-08-03,4420.6099
2014-08-04,4467.0
2014-08-05,4472.18
2014-08-06,4484.9
2014-08-07,4486.2
2014-08-10,4530.84
2014-08-11,4565.14
2014-08-12,4526.5
2014-08-13,4527.21
2014-08-14,4554.51
2014-08-18,4554.15
2014-08-19,4576.37
2014-08-20,4553.87
2014-08-21,4547.06
2014-08-24,4540.61
2014-08-25,4564.35
2014-08-26,4590.65
2014-08-27,4599.47
2014-08-28,4578.0
2014-08-31,4549.52
2014-09-01,4554.98
2014-09-02,4602.44
2014-09-03,4632.46
2014-09-04,4642.38
2014-09-07,4641.45
2014-09-08,4608.96
2014-09-09,4647.43
2014-09-10,4663.14
2014-09-11,4675.92
2014-09-14,4713.58
2014-09-15,4709.92
2014-09-16,4759.4
2014-09-17,4798.4
2014-09-18,4866.19
2014-09-21,4913.24
2014-09-22,4924.53
2014-09-23,4967.11
2014-09-24,4979.72
2014-09-25,5026.93
2014-09-28,5072.2
2014-09-29,5050.35
2014-09-30,5074.31
2014-10-01,5153.27
2014-10-02,5237.72
2014-10-12,5334.04
2014-10-13,5309.24
2014-10-14,5292.61
2014-10-15,5315.12
2014-10-16,5285.84
2014-10-19,5176.75
2014-10-20,5144.5
2014-10-21,5233.82
2014-10-22,5170.15
2014-10-23,5154.11
2014-10-26,5111.64
2014-10-27,5157.24
2014-10-28,5128.84
2014-10-29,5109.43
2014-10-30,5173.23
2014-11-02,5105.22
2014-11-03,5065.14
2014-11-05,5017.22
2014-11-06,5025.1
2014-11-09,4938.65
2014-11-10,4914.71
2014-11-11,4934.78
2014-11-12,5005.66
2014-11-13,4984.46
2014-11-16,4963.9
2014-11-17,4917.43
2014-11-18,4898.82
2014-11-19,4926.24
2014-11-20,4899.61
2014-11-23,4838.11
2014-11-24,4768.9
2014-11-25,4804.45
2014-11-26,4756.61
2014-11-27,4772.56
2014-11-30,4769.43
2014-12-01,4868.65
2014-12-02,4932.89
2014-12-03,4992.0
2014-12-04,4961.85
2014-12-07,4930.37
2014-12-08,4930.82
2014-12-09,4944.03
2014-12-10,4943.73
2014-12-11,4933.03
2014-12-14,4892.96
2014-12-15,4878.65
2014-12-17,4837.93
2014-12-18,4856.42
2014-12-21,4849.69
2014-12-22,4868.47
2014-12-23,4838.63
2014-12-24,4823.57
2014-12-28,4801.35
2014-12-29,4814.16
2014-12-30,4864.96
2015-01-01,4941.52
2015-01-05,4926.41
2015-01-06,4969.67
2015-01-07,4963.66
2015-01-08,4968.71
2015-01-11,4943.99
2015-01-12,4956.93
2015-01-13,4969.73
2015-01-14,4951.69
2015-01-15,4956.09
2015-01-18,4917.38
2015-01-19,4867.08
2015-01-20,4856.95
2015-01-21,4783.21
2015-01-22,4797.96
2015-01-25,4716.76
2015-01-26,4708.33
2015-01-27,4757.1
2015-01-28,4747.64
2015-01-29,4724.05
2015-02-01,4654.95
2015-02-02,4618.43
2015-02-03,4656.47
2015-02-04,4668.06
2015-02-05,4685.04
2015-02-08,4701.6
2015-02-09,4712.57
2015-02-10,4786.69
2015-02-11,4810.54
2015-02-12,4841.72
2015-02-15,4831.18
2015-02-16,4769.47
2015-02-17,4800.41
2015-02-18,4802.27
2015-02-19,4788.23
2015-02-22,4802.18
2015-02-23,4808.64
2015-02-24,4801.15
2015-02-25,4742.22
2015-02-26,4763.22
2015-03-01,4739.65
2015-03-02,4719.41
2015-03-03,4695.8
2015-03-04,4681.54
2015-03-05,4664.91
2015-03-08,4624.95
2015-03-09,4626.23
2015-03-10,4649.3
2015-03-11,4585.73
2015-03-12,4556.94
2015-03-15,4536.4
2015-03-16,4478.0
2015-03-18,4442.82
2015-03-19,4468.02
2015-03-22,4533.21
2015-03-23,4506.56
2015-03-24,4493.41
2015-03-25,4509.3
2015-03-29,4558.08
2015-03-30,4509.28
2015-03-31,4530.48
2015-04-01,4513.11
2015-04-02,4472.14
2015-04-05,4431.11
2015-04-06,4397.26
2015-04-07,4345.03
2015-04-08,4347.14
2015-04-09,4345.89
2015-04-12,4305.27
2015-04-13,4291.63
2015-04-15,4360.5
2015-04-16,4373.34
2015-04-19,4373.66
2015-04-20,4308.45
2015-04-21,4283.25
2015-04-22,4252.95
2015-04-23,4192.21
2015-04-26,4094.48
2015-04-27,4118.49
2015-04-29,4099.21
2015-04-30,4047.29
2015-05-04,3959.74
2015-05-05,4014.37
2015-05-06,4089.88
2015-05-07,4122.32
2015-05-10,4277.05
2015-05-11,4349.22
2015-05-12,4326.61
2015-05-13,4342.66
2015-05-14,4314.89
2015-05-17,4316.0
2015-05-18,4407.43
2015-05-19,4459.29
2015-05-20,4455.57
2015-05-21,4483.28
2015-05-24,4484.62
2015-05-25,4615.02
2015-05-26,4627.17
2015-05-27,4616.12
2015-05-28,4544.71
2015-05-31,4586.95
2015-06-01,4623.63
2015-06-02,4586.85
2015-06-04,4591.43
2015-06-07,4617.7
2015-06-08,4542.27
2015-06-09,4513.98
2015-06-10,4556.69
2015-06-11,4515.14
2015-06-14,4453.37
2015-06-15,4477.56
2015-06-16,4506.72
2015-06-17,4527.42
2015-06-18,4519.85
2015-06-21,4511.47
2015-06-22,4503.99
2015-06-23,4489.46
2015-06-24,4457.24
2015-06-25,4455.28
2015-06-28,4502.22
2015-06-29,4531.99
2015-06-30,4583.11
2015-07-02,4572.59
2015-07-05,4536.0
2015-07-06,4526.72
2015-07-07,4565.25
2015-07-08,4579.73
2015-07-09,4599.91
2015-07-12,4615.2
2015-07-13,4628.85
2015-07-14,4656.14
2015-07-21,4731.32
2015-07-22,4741.98
2015-07-23,4808.4
2015-07-26,4786.49
2015-07-27,4775.28
2015-07-28,4797.17
2015-07-29,4777.9
2015-07-30,4792.31
2015-08-02,4802.02
2015-08-03,4862.55
2015-08-04,4871.82
2015-08-05,4873.96
2015-08-06,4864.45
2015-08-09,4844.36
2015-08-10,4815.64
2015-08-11,4791.47
2015-08-12,4821.62
2015-08-13,4808.87
2015-08-16,4783.81
2015-08-17,4768.01
2015-08-18,4809.27
2015-08-19,4816.98
2015-08-20,4840.16
2015-08-23,4831.72
2015-08-24,4794.0
2015-08-25,4792.94
2015-08-26,4805.66
2015-08-27,4812.82
2015-08-30,4790.98
2015-08-31,4768.67
2015-09-01,4724.52
2015-09-02,4763.88
2015-09-03,4765.72
2015-09-06,4772.65
2015-09-07,4791.91
2015-09-08,4784.46
2015-09-09,4758.43
2015-09-10,4760.14
2015-09-13,4768.3
2015-09-14,4786.19
2015-09-15,4801.81
2015-09-16,4796.82
2015-09-17,4819.45
2015-09-20,4830.68
2015-09-21,4841.62
2015-09-22,4853.29
2015-09-28,4866.76
2015-09-29,4853.17
2015-09-30,4852.08
2015-10-01,4856.97
2015-10-04,4814.61
2015-10-05,4831.6
2015-10-06,4833.33
2015-10-07,4800.63
2015-10-08,4781.36
2015-10-11,4728.13
2015-10-12,4776.15
2015-10-13,4779.66
2015-10-14,4716.08
2015-10-15,4676.63
2015-10-18,4608.03
2015-10-19,4644.64
2015-10-20,4657.65
2015-10-21,4647.68
2015-10-25,4649.29
2015-10-26,4630.58
2015-10-27,4589.33
2015-10-28,4579.37
2015-10-29,4564.49
2015-11-01,4514.85
2015-11-02,4536.05
2015-11-03,4551.51
2015-11-04,4511.31
2015-11-05,4502.16
2015-11-08,4443.15
2015-11-09,4416.91
2015-11-10,4410.58
2015-11-11,4371.54
2015-11-12,4433.58
2015-11-15,4424.21
2015-11-16,4475.81
2015-11-17,4496.36
2015-11-18,4496.68
2015-11-19,4531.63
2015-11-22,4596.81
2015-11-23,4585.1
2015-11-24,4574.06
2015-11-25,4568.01
2015-11-26,4573.75
2015-11-29,4580.76
2015-11-30,4581.0
2015-12-01,4621.67
2015-12-02,4619.51
2015-12-03,4641.04
2015-12-06,4654.75
2015-12-07,4608.05
2015-12-08,4593.49
2015-12-09,4587.38
2015-12-10,4583.42
2015-12-13,4542.73
2015-12-14,4533.91
2015-12-15,4513.97
2015-12-17,4520.88
2015-12-20,4511.54
2015-12-21,4578.88
2015-12-22,4593.73
2015-12-23,4588.75
2015-12-24,4608.32
2015-12-27,4602.52
2015-12-28,4592.33
2015-12-29,4596.81
2015-12-30,4604.04
2015-12-31,4629.64
2016-01-03,4624.02
2016-01-04,4617.73
2016-01-05,4643.25
2016-01-06,4679.81
2016-01-07,4676.08
2016-01-10,4674.84
2016-01-11,4663.62
2016-01-12,4665.44
2016-01-13,4686.05
2016-01-14,4694.95
2016-01-17,4674.83
2016-01-18,4687.2
2016-01-19,4697.51
2016-01-20,4669.51
2016-01-21,4657.94
2016-01-24,4626.14
2016-01-25,4620.32
2016-01-26,4610.12
2016-01-27,4585.99
2016-01-28,4573.59
2016-01-31,4540.89
2016-02-01,4560.42
2016-02-02,4591.1
2016-02-03,4573.33
2016-02-04,4571.12
2016-02-07,4580.49
2016-02-08,4560.77
2016-02-09,4570.01
2016-02-10,4573.43
2016-02-11,4581.35
2016-02-14,4580.56
2016-02-15,4585.04
2016-02-16,4578.86
2016-02-17,4580.79
2016-02-18,4587.67
2016-02-22,4577.62
2016-02-23,4598.34
2016-02-24,4579.53
2016-02-25,4567.57
2016-02-28,4536.84
2016-02-29,4511.97
2016-03-01,4484.04
2016-03-02,4462.18
2016-03-03,4472.84
2016-03-06,4435.47
2016-03-07,4443.63
2016-03-08,4453.89
2016-03-09,4457.81
2016-03-10,4484.53
2016-03-13,4480.18
2016-03-14,4467.62
2016-03-15,4475.89
2016-03-16,4446.29
2016-03-20,4430.28
2016-03-21,4442.15
2016-03-22,4410.22
2016-03-23,4381.16
2016-03-24,4370.5
2016-03-27,4355.94
2016-03-28,4302.58
2016-03-29,4311.81
2016-03-30,4335.3
2016-03-31,4357.54
2016-04-03,4379.23
2016-04-04,4431.66
2016-04-05,4409.72
2016-04-06,4413.85
2016-04-07,4443.07
2016-04-10,4431.13
2016-04-11,4401.79
2016-04-12,4407.52
2016-04-13,4408.64
2016-04-17,4393.34
2016-04-18,4391.42
2016-04-19,4357.63
2016-04-20,4359.4
2016-04-21,4340.34
2016-04-24,4338.25
2016-04-25,4321.63
2016-04-26,4281.93
2016-04-27,4238.95
2016-04-28,4195.7
2016-05-02,4171.41
2016-05-03,4272.18
2016-05-04,4258.2
2016-05-05,4306.8
2016-05-08,4340.07
2016-05-09,4329.4
2016-05-10,4330.32
2016-05-11,4318.45
2016-05-12,4298.65
2016-05-15,4275.48
2016-05-16,4288.65
2016-05-17,4326.64
2016-05-18,4364.31
2016-05-19,4392.88
2016-05-22,4394.32
2016-05-24,4394.07
2016-05-25,4366.03
2016-05-26,4388.01
2016-05-29,4426.78
2016-05-30,4423.0
2016-05-31,4419.39
2016-06-01,4421.79
2016-06-02,4446.09
2016-06-05,4425.9
2016-06-06,4410.93
2016-06-07,4412.51
2016-06-08,4420.43
2016-06-09,4418.99
2016-06-12,4409.4
2016-06-13,4405.4
2016-06-14,4409.09
2016-06-15,4412.0
2016-06-16,4395.28
2016-06-19,4387.78
2016-06-20,4369.01
2016-06-21,4363.11
2016-06-22,4366.25
2016-06-23,4381.46
2016-06-26,4380.22
2016-06-27,4412.83
2016-06-28,4451.36
2016-06-29,4470.26
2016-06-30,4507.58
2016-07-10,4495.19
2016-07-11,4505.17
2016-07-12,4544.71
2016-07-13,4538.08
2016-07-14,4537.92
2016-07-16,4554.74
2016-07-17,4558.94
2016-07-18,4571.81
2016-07-19,4556.93
2016-07-20,4554.55
2016-07-21,4553.78
2016-07-24,4551.07
2016-07-25,4549.18
2016-07-26,4550.16
2016-07-27,4538.21
2016-07-28,4538.26
2016-07-31,4525.35
2016-08-01,4533.71
2016-08-02,4552.37
2016-08-03,4575.97
2016-08-04,4577.57
2016-08-07,4568.43
2016-08-08,4569.13
2016-08-09,4567.69
2016-08-10,4569.29
2016-08-11,4574.36
2016-08-14,4577.09
2016-08-16,4586.26
2016-08-17,4595.24
2016-08-18,4585.08
2016-08-21,4579.03
2016-08-22,4577.85
2016-08-23,4563.68
2016-08-24,4554.27
2016-08-28,4534.56
2016-08-29,4534.04
2016-08-30,4523.66
2016-08-31,4526.58
2016-09-01,4549.04
2016-09-04,4557.44
2016-09-05,4563.69
2016-09-06,4568.36
2016-09-07,4594.68
2016-09-08,4601.09
2016-09-18,4623.98
2016-09-19,4626.18
2016-09-20,4639.13
2016-09-21,4660.15
2016-09-22,4665.35
2016-09-24,4680.31
2016-09-25,4673.44
2016-09-26,4683.99
2016-09-27,4677.69
2016-09-28,4690.63
2016-09-29,4695.19
2016-10-02,4690.93
2016-10-03,4691.14
2016-10-04,4708.79
2016-10-05,4714.05
2016-10-06,4723.73
2016-10-09,4698.63
2016-10-10,4689.32
2016-10-13,4701.31
2016-10-16,4709.63
2016-10-17,4692.95
2016-10-18,4711.86
2016-10-19,4702.51
2016-10-20,4692.44
2016-10-23,4693.0
2016-10-24,4693.7
2016-10-25,4681.87
2016-10-26,4658.21
2016-10-27,4636.23
2016-10-30,4605.09
2016-10-31,4592.18
2016-11-01,4596.86
2016-11-02,4633.19
2016-11-03,4672.88
2016-11-06,4672.39
2016-11-07,4689.18
2016-11-08,4691.06
2016-11-09,4671.26
2016-11-10,4677.14
2016-11-13,4667.2
2016-11-14,4644.99
2016-11-15,4664.81
2016-11-16,4676.76
2016-11-17,4698.54
2016-11-20,4721.99
2016-11-21,4721.4
2016-11-22,4750.21
2016-11-23,4765.36
2016-11-24,4791.33
2016-11-27,4786.58
2016-11-28,4797.65
2016-11-29,4793.31
2016-11-30,4801.24
2016-12-01,4823.02
2016-12-04,4822.29
2016-12-05,4836.33
2016-12-06,4846.09
2016-12-07,4871.29
2016-12-08,4892.82
2016-12-11,4861.12
2016-12-12,4869.6
2016-12-14,4906.92
2016-12-15,4925.72
2016-12-18,4938.59
2016-12-19,4941.65
2016-12-20,4931.17
2016-12-21,4924.34
2016-12-22,4956.73
2016-12-26,4993.53
2016-12-27,5016.75
2016-12-28,5027.92
2016-12-29,5036.05
2017-01-01,5083.89
2017-01-02,5119.59
2017-01-03,5137.74
2017-01-04,5156.6
2017-01-05,5182.25
2017-01-08,5158.7
2017-01-09,5214.6
2017-01-10,5277.39
2017-01-11,5333.88
2017-01-12,5342.88
2017-01-15,5422.8
2017-01-16,5477.86
2017-01-17,5575.47
2017-01-18,5533.5
2017-01-19,5534.07
2017-01-22,5602.85
2017-01-23,5669.8
2017-01-24,5708.25
2017-01-25,5621.28
2017-01-26,5618.65
2017-01-29,5500.86
2017-01-30,5421.21
2017-01-31,5468.34
2017-02-01,5473.89
2017-02-02,5365.14
2017-02-05,5322.87
2017-02-06,5363.09
2017-02-07,5392.1
2017-02-08,5488.23
2017-02-09,5512.46
2017-02-12,5546.29
2017-02-13,5558.57
2017-02-14,5598.71
2017-02-15,5580.64
2017-02-16,5590.67
2017-02-19,5583.01
2017-02-20,5583.01
2017-02-22,5625.84
2017-02-23,5625.33
2017-02-26,5635.11
2017-02-27,5620.25
2017-02-28,5612.7
2017-03-01,5597.22
2017-03-02,5586.75
2017-03-05,5573.08
2017-03-06,5588.84
2017-03-07,5622.49
2017-03-08,5649.99
2017-03-09,5671.62
2017-03-12,5676.26
2017-03-13,5659.72
2017-03-14,5681.26
2017-03-15,5684.31
2017-03-16,5701.27
2017-03-19,5695.45
2017-03-20,5695.72
2017-03-21,5724.86
2017-03-22,5736.31
2017-03-23,5726.23
2017-03-27,5697.93
2017-03-28,5737.42
2017-03-29,5733.24
2017-03-30,5719.61
2017-04-02,5691.37
2017-04-03,5739.34
2017-04-04,5777.12
2017-04-05,5756.92
2017-04-06,5736.4
2017-04-09,5700.79
2017-04-10,5689.67
2017-04-11,5683.46
2017-04-12,5646.38
2017-04-13,5645.86
2017-04-16,5592.83
2017-04-17,5596.12
2017-04-18,5571.52
2017-04-19,5555.1
2017-04-20,5521.66
2017-04-23,5438.25
2017-04-24,5435.63
2017-04-25,5469.47
2017-04-26,5517.37
2017-04-27,5534.42
2017-04-30,5475.55
2017-05-02,5521.38
2017-05-03,5545.1
2017-05-04,5540.71
2017-05-07,5533.45
2017-05-08,5529.51
2017-05-09,5511.06
2017-05-11,5496.21
2017-05-14,5460.07
2017-05-15,5428.06
2017-05-16,5435.68
2017-05-17,5429.67
2017-05-18,5399.66
2017-05-21,5363.73
2017-05-22,5385.36
2017-05-23,5394.82
2017-05-24,5412.69
2017-05-25,5413.82
2017-05-28,5372.86
2017-05-29,5356.58
2017-05-30,5373.26
2017-05-31,5403.12
2017-06-01,5438.71
2017-06-04,5443.99
2017-06-05,5482.53
2017-06-06,5500.66
2017-06-07,5489.88
2017-06-08,5475.75
2017-06-11,5455.17
2017-06-12,5450.12
2017-06-13,5454.78
2017-06-14,5459.72
2017-06-15,5468.33
2017-06-18,5461.63
2017-06-19,5478.82
2017-06-20,5527.22
2017-06-21,5567.7
2017-06-22,5599.08
2017-06-28,5646.28
2017-06-29,5656.05
2017-07-02,5654.62
2017-07-03,5726.38
2017-07-04,5760.5
2017-07-05,5782.66
2017-07-06,5749.66
2017-07-09,5774.3
2017-07-10,5827.19
2017-07-11,5830.77
2017-07-12,5790.79
2017-07-13,5834.87
2017-07-16,5844.72
2017-07-17,5824.43
2017-07-18,5819.26
2017-07-19,5775.59
2017-07-20,5782.47
2017-07-23,5775.6
2017-07-24,5798.12
2017-07-25,5801.9
2017-07-26,5824.43
2017-07-27,5815.07
2017-07-30,5802.04
2017-07-31,5860.65
2017-08-01,5876.26
2017-08-02,5891.16
2017-08-03,5880.45
2017-08-06,5907.63
2017-08-07,5913.6
2017-08-08,5897.68
2017-08-09,5890.13
2017-08-10,5901.81
2017-08-13,5921.6
2017-08-16,5883.24
2017-08-17,5861.12
2017-08-20,5819.27
2017-08-21,5844.11
2017-08-22,5862.33
2017-08-23,5855.88
2017-08-24,5885.42
2017-08-27,5915.42
2017-08-28,5947.25
2017-08-29,5948.51
2017-08-30,5973.95
2017-08-31,6006.43
2017-09-04,6038.38
2017-09-05,6083.01
2017-09-06,6069.18
2017-09-07,6114.99
2017-09-10,6167.49
2017-09-11,6151.21
2017-09-12,6149.4
2017-09-13,6184.57
2017-09-14,6203.9
2017-09-17,6240.57205
2017-09-18,6235.9401
2017-09-19,6236.58681
2017-09-20,6172.91468
2017-09-21,6170.47687
2017-09-24,6165.3237
2017-09-25,6106.2474
2017-09-26,6104.27267
2017-09-27,6079.32486
2017-09-28,6092.84094
2017-10-02,6092.95331
2017-10-03,6133.22819
2017-10-04,6159.95864
2017-10-05,6202.31136
2017-10-08,6205.50065
2017-10-09,6128.89581
2017-10-10,6141.81318
2017-10-11,6108.57108
2017-10-12,6064.40705
2017-10-15,6008.94652
2017-10-16,6013.84172
2017-10-17,6031.74095
2017-10-18,6025.27178
2017-10-19,6039.55536
2017-10-22,6041.20222
2017-10-23,5981.9519
2017-10-24,5968.02001
2017-10-25,6001.52836
2017-10-26,6018.25979
2017-10-29,5995.41425
2017-10-30,5996.24753
2017-10-31,6019.59132
2017-11-01,6072.33484
2017-11-02,6099.02416
2017-11-05,6072.99139
2017-11-06,6104.50857
2017-11-07,6129.69325
2017-11-08,6159.0735
2017-11-09,6193.56601
2017-11-12,6223.78499
2017-11-13,6216.61819
2017-11-14,6252.14383
2017-11-15,6235.71216
2017-11-16,6282.09378
2017-11-19,6306.95163
2017-11-20,6319.12474
2017-11-21,6281.87217
2017-11-22,6289.33147
2017-11-23,6322.51462
2017-11-26,6336.88453
2017-11-27,6302.45877
2017-11-28,6272.57356
2017-11-29,6278.5523
2017-11-30,6306.86095
2017-12-03,6296.20047
2017-12-04,6262.76879
2017-12-05,6286.75108
2017-12-06,6266.29655
2017-12-07,6248.22606
2017-12-10,6204.43082
2017-12-11,6196.65354
2017-12-12,6251.60168
2017-12-13,6224.07629
2017-12-14,6230.01591
2017-12-17,6213.08841
2017-12-18,6224.60839
2017-12-19,6228.65524
2017-12-20,6196.48187
2017-12-21,6182.78975
2017-12-24,6159.30715
2017-12-26,6167.56942
2017-12-27,6186.4659
2017-12-28,6244.52234
2018-01-01,6254.41473
2018-01-02,6268.27299
2018-01-03,6318.27139
2018-01-04,6302.84314
2018-01-07,6268.42002
2018-01-08,6210.50496
2018-01-09,6198.5341
2018-01-10,6172.44745
2018-01-11,6179.32255
2018-01-14,6117.89954
2018-01-15,6057.85847
2018-01-16,6128.8097
2018-01-17,6098.32933
2018-01-18,6122.23167
2018-01-21,6147.19168
2018-01-22,6195.00185
2018-01-23,6206.72293
2018-01-24,6200.68846
2018-01-25,6215.80393
2018-01-28,6144.72444
2018-01-29,6176.44999
2018-01-30,6127.80348
2018-01-31,6039.78399
2018-02-01,6021.44709
2018-02-04,5888.29438
2018-02-05,5869.78842
2018-02-06,5949.24877
2018-02-07,5936.34828
2018-02-08,5965.62501
2018-02-11,6093.95427
2018-02-12,6082.29023
2018-02-13,6088.3704
2018-02-14,6102.30771
2018-02-15,6050.1999
2018-02-18,5950.75994
2018-02-19,5940.24443
2018-02-20,5909.03422
2018-02-22,5906.98236
2018-02-25,5832.12929
2018-02-26,5774.5704
2018-02-27,5798.42938
2018-02-28,5804.94333
2018-03-01,5870.83441
2018-03-04,5883.38783
2018-03-05,5835.33688
2018-03-06,5847.81656
2018-03-07,5822.18808
2018-03-08,5827.98872
2018-03-11,5773.36584
2018-03-12,5705.57259
2018-03-13,5623.64282
2018-03-14,5635.05259
2018-03-15,5720.59819
2018-03-18,5721.69693
2018-03-19,5663.76643
2018-03-20,5648.90745
2018-03-21,5572.05828
2018-03-22,5580.58694
2018-03-25,5570.1873
2018-03-27,5491.79711
2018-03-28,5488.86881
2018-03-29,5597.44378
2018-04-01,5747.14299
2018-04-02,5827.51655
2018-04-03,5790.28611
2018-04-04,5793.05226
2018-04-05,5841.19155
2018-04-08,5865.38473
2018-04-09,5879.41746
2018-04-10,5859.60882
2018-04-11,5833.26417
2018-04-12,5813.13679
2018-04-15,5773.60733
2018-04-16,5784.6731
2018-04-17,5777.9536
2018-04-18,5822.99626
2018-04-19,5843.46987
2018-04-22,5813.28689
2018-04-23,5806.13298
2018-04-24,5777.35819
2018-04-25,5802.02864
2018-04-26,5813.79512
2018-04-30,5739.22955
2018-05-03,5698.68944
2018-05-06,5694.27988
2018-05-07,5683.53519
2018-05-08,5642.46715
2018-05-09,5627.33265
2018-05-10,5587.21838
2018-05-13,5558.66963
2018-05-14,5557.57504
2018-05-15,5548.8946
2018-05-16,5511.76275
2018-05-17,5448.76133
2018-05-20,5390.70072
2018-05-21,5413.28599
2018-05-22,5391.89081
2018-05-23,5361.09379
2018-05-24,5429.69291
2018-05-27,5456.82024
2018-05-28,5417.4216
2018-05-29,5409.69905
2018-05-30,5395.75473
2018-05-31,5343.87807
2018-06-03,5316.96621
2018-06-04,5313.70845
2018-06-05,5346.80212
2018-06-06,5398.75981
2018-06-07,5366.66888
2018-06-10,5323.29401
2018-06-11,5326.44407
2018-06-12,5365.22181
2018-06-18,5341.2965
2018-06-19,5344.96418
2018-06-20,5384.87321
2018-06-21,5441.75763
2018-06-24,5521.99788
2018-06-25,5433.78968
2018-06-26,5411.27679
2018-06-27,5429.04051
2018-06-28,5405.46105
2018-07-02,5322.41197
2018-07-03,5273.16793
2018-07-04,5309.11919
2018-07-05,5362.27936
2018-07-08,5366.02239
2018-07-09,5341.27406
2018-07-10,5371.30119
2018-07-11,5379.24172
2018-07-12,5358.90836
2018-07-15,5336.74999
2018-07-16,5339.9139
2018-07-17,5325.48201
2018-07-18,5334.18077
2018-07-19,5337.42403
2018-07-22,5339.18251
2018-07-23,5348.0663
2018-07-24,5335.38121
2018-07-25,5319.4444
2018-07-26,5305.17422
2018-07-29,5280.07093
2018-07-30,5262.91327
2018-07-31,5302.6374
2018-08-01,5348.20253
2018-08-02,5399.79375
2018-08-05,5357.02725
2018-08-06,5353.41513
2018-08-07,5381.88633
2018-08-08,5405.96
2018-08-09,5407.00611
2018-08-12,5407.18751
2018-08-13,5378.72921
2018-08-14,5408.45737
2018-08-16,5467.74446
2018-08-19,5538.50792
2018-08-20,5571.19897
2018-08-26,5596.91489
2018-08-27,5584.97075
2018-08-28,5619.4182
2018-08-29,5610.79696
2018-08-30,5600.6401
2018-09-03,5590.42207
2018-09-04,5552.80768
2018-09-05,5562.23772
2018-09-06,5574.24609
2018-09-09,5549.78417
2018-09-10,5540.11077
2018-09-11,5543.93541
2018-09-12,5529.81554
2018-09-13,5500.61506
2018-09-16,5464.17614
2018-09-17,5443.80743
2018-09-18,5472.60157
2018-09-19,5505.05396
2018-09-20,5467.05065
2018-09-23,5415.24511
2018-09-24,5357.54807
2018-09-25,5386.88767
2018-09-26,5390.85074
2018-09-27,5342.88955
2018-09-30,5368.95714
2018-10-01,5369.91286
2018-10-02,5380.93052
2018-10-03,5422.65948
2018-10-04,5418.27779
2018-10-07,5410.81367
2018-10-08,5440.94729
2018-10-09,5455.81068
2018-10-10,5436.15142
2018-10-11,5435.01343
2018-10-14,5446.40973
2018-10-15,5384.41199
2018-10-16,5399.8844
2018-10-17,5380.78552
2018-10-18,5381.51874
2018-10-21,5331.16861
2018-10-22,5251.95278
2018-10-23,5252.67171
2018-10-24,5276.33044
2018-10-25,5282.04106
2018-10-28,5212.23312
2018-10-29,5246.51303
2018-10-30,5299.07393
2018-10-31,5284.12752
2018-11-01,5258.47686
2018-11-04,5238.98858
2018-11-05,5224.94004
2018-11-06,5204.35961
2018-11-07,5242.21758
2018-11-08,5259.11276
2018-11-11,5278.9798
2018-11-12,5239.06085
2018-11-13,5258.58916
2018-11-14,5245.58718
2018-11-15,5244.62735
2018-11-18,5256.06558
2018-11-19,5257.1083
2018-11-20,5298.83557
2018-11-22,5305.95045
2018-11-25,5276.24137
2018-11-26,5279.25571
2018-11-27,5288.54914
2018-11-28,5286.72472
2018-11-29,5281.25158
2018-12-02,5290.76784
2018-12-03,5296.55091
2018-12-04,5345.42738
2018-12-05,5361.11206
2018-12-06,5332.80612
2018-12-09,5306.22937
2018-12-10,5295.69868
2018-12-11,5275.76037
2018-12-12,5265.84016
2018-12-13,5251.01606
2018-12-17,5218.01291
2018-12-18,5233.59417
2018-12-19,5242.56289
2018-12-20,5265.31641
2018-12-23,5281.77575
2018-12-24,5300.09301
2018-12-26,5349.18107
2018-12-27,5385.64133
2019-01-01,5465.25479
2019-01-02,5496.43861
2019-01-03,5590.47315
2019-01-06,5687.00761
2019-01-07,5655.18715
2019-01-08,5770.77513
2019-01-09,5798.59112
2019-01-10,5797.30468
2019-01-13,5860.21586
2019-01-14,5836.23416
2019-01-15,5863.27706
2019-01-16,5839.48297
2019-01-17,5825.57232
2019-01-20,5887.27724
2019-01-21,5859.30443
2019-01-22,5865.46428
2019-01-23,5925.24293
2019-01-24,5950.01115
2019-01-27,5939.45495
2019-01-28,5904.22615
2019-01-29,5924.53277
2019-01-30,5884.11144
2019-01-31,5821.01017
2019-02-03,5801.33182
2019-02-04,5828.07014
2019-02-05,5800.24136
2019-02-06,5786.00819
2019-02-07,5811.92116
2019-02-10,5763.73205
2019-02-11,5733.91011
2019-02-12,5731.95396
2019-02-13,5748.31475
2019-02-14,5750.29187
2019-02-17,5775.82504
2019-02-18,5724.52113
2019-02-19,5735.92062
2019-02-20,5745.83391
2019-02-24,5714.2737
2019-02-25,5755.79403
2019-02-26,5738.64284
2019-02-27,5711.82993
2019-03-03,5723.07935
2019-03-04,5682.41493
2019-03-05,5687.48862
2019-03-06,5686.38384
2019-03-07,5688.45734
2019-03-10,5710.06541
2019-03-11,5690.82305
2019-03-12,5682.42
2019-03-13,5653.21463
2019-03-14,5655.81976
2019-03-18,5604.9031
2019-03-19,5631.29351
2019-03-20,5600.55766
2019-03-21,5570.15307
2019-03-24,5512.07884
2019-03-25,5530.07159
2019-03-27,5502.4864
2019-03-28,5505.4975
2019-03-31,5491.90543
2019-04-01,5503.0807
2019-04-02,5522.17221
2019-04-03,5452.19871
2019-04-04,5459.91205
2019-04-07,5433.89196
2019-04-08,5372.23165
2019-04-09,5318.75057
2019-04-10,5261.60487
2019-04-11,5326.39187
2019-04-15,5309.47229
2019-04-16,5248.91907
2019-04-17,5259.4115
2019-04-18,5321.41026
2019-04-21,5323.73617
2019-04-23,5260.8563
2019-04-24,5240.36546
2019-04-25,5266.17946
2019-04-28,5238.19821
2019-04-29,5175.4669
2019-04-30,5202.85448
2019-05-02,5286.75397
2019-05-05,5394.90465
2019-05-06,5342.08258
2019-05-07,5289.99912
2019-05-08,5272.38905
2019-05-09,5275.8336
2019-05-12,5273.92575
2019-05-13,5247.82617
2019-05-14,5217.91409
2019-05-15,5196.03403
2019-05-16,5230.78775
2019-05-19,5335.70315
2019-05-20,5276.14334
2019-05-21,5236.84967
2019-05-22,5250.94548
2019-05-23,5250.59746
2019-05-26,5253.32831
2019-05-27,5253.54606
2019-05-28,5328.7635
2019-05-29,5354.19744
2019-05-30,5377.74607
2019-06-09,5402.96834
2019-06-10,5431.59562
2019-06-11,5475.98241
2019-06-12,5469.63073
2019-06-13,5474.30707
2019-06-16,5430.8358
2019-06-17,5375.29135
2019-06-18,5400.23571
2019-06-19,5411.40471
2019-06-20,5395.62685
2019-06-23,5383.89601
2019-06-24,5379.15444
2019-06-25,5380.96162
2019-06-26,5410.70076
2019-06-27,5430.04907
2019-07-02,5384.92563
2019-07-03,5372.21108
2019-07-04,5380.79351
2019-07-07,5333.08746
2019-07-08,5318.61546
2019-07-09,5280.04524
2019-07-10,5230.63076
2019-07-11,5222.303
2019-07-14,5179.49867
2019-07-15,5091.4849
2019-07-16,5124.44964
2019-07-17,5133.13578
2019-07-18,5130.69837
2019-07-21,5033.74656
2019-07-22,4966.44063
2019-07-23,5077.75156
2019-07-24,5077.28956
2019-07-25,5133.25526
2019-07-28,5133.9332
2019-07-29,5160.74927
2019-07-30,5125.02223
2019-07-31,5138.79025
2019-08-01,5169.73894
2019-08-04,5172.86418
2019-08-05,5160.37086
2019-08-06,5187.2926
2019-08-07,5187.2002
2019-08-08,5201.42055
2019-08-18,5216.53615
2019-08-19,5227.26593
2019-08-20,5227.49846
2019-08-21,5223.41434
2019-08-22,5236.85127
2019-08-25,5223.72719
2019-08-26,5165.76512
2019-08-27,5178.70421
2019-08-28,5139.99879
2019-08-29,5095.78
2019-09-01,5070.68547
2019-09-02,5033.53733
2019-09-03,5007.05646
2019-09-04,4986.3703
2019-09-05,5013.01536
2019-09-08,5033.79806
2019-09-09,5008.96699
2019-09-11,4933.17719
2019-09-12,4933.89438
2019-09-15,4942.23235
2019-09-16,4959.7308
2019-09-17,4928.98335
2019-09-18,4888.01587
2019-09-19,4855.98583
2019-09-22,4920.96723
2019-09-23,5000.23551
2019-09-24,4958.7206
2019-09-25,4951.73673
2019-09-26,4968.46905
2019-09-29,4975.73846
2019-09-30,4947.63949
2019-10-01,4949.39923
2019-10-02,4936.37185
2019-10-03,4937.82
2019-10-06,4916.68557
2019-10-07,4894.31301
2019-10-09,4862.25907
2019-10-10,4810.21941
2019-10-13,4761.87908
2019-10-14,4711.30786
2019-10-15,4821.64514
2019-10-16,4781.6292
2019-10-17,4770.99671
2019-10-20,4782.09331
2019-10-21,4761.4218
2019-10-22,4708.68002
2019-10-23,4726.62043
2019-10-24,4772.00186
2019-10-27,4752.64837
2019-10-28,4699.22629
2019-10-29,4670.74521
2019-10-30,4683.20505
2019-10-31,4682.90238
2019-11-03,4712.08983
2019-11-04,4678.3624
2019-11-05,4703.70262
2019-11-06,4754.6985
2019-11-07,4771.91662
2019-11-11,4781.47581
2019-11-12,4779.18978
2019-11-13,4737.17008
2019-11-14,4710.36618
2019-11-17,4717.39252
2019-11-18,4722.01977
2019-11-19,4722.37456
2019-11-20,4691.93542
2019-11-21,4706.66748
2019-11-24,4688.4288
2019-11-25,4693.62583
2019-11-26,4722.30817
2019-11-27,4730.34922
2019-11-28,4731.43716
2019-12-01,4758.81114
2019-12-02,4734.59404
2019-12-03,4697.35095
2019-12-04,4702.98361
2019-12-05,4671.33611
2019-12-08,4596.00401
2019-12-09,4533.75313
2019-12-10,4506.93802
2019-12-11,4512.39007
2019-12-12,4514.44923
2019-12-15,4498.49069
2019-12-17,4419.82832
2019-12-18,4417.950195
2019-12-19,4456.830078
2019-12-22,4430.95897
2019-12-23,4394.44142
2019-12-24,4390.67361
2019-12-26,4418.83871
2019-12-29,4433.94715
2019-12-30,4452.93471
2020-01-01,4453.29095
2020-01-02,4459.29112
2020-01-05,4400.14036
2020-01-06,4331.95866
2020-01-07,4281.43531
2020-01-08,4228.36616
2020-01-09,4197.39291
2020-01-12,4212.44591
2020-01-13,4123.48178
2020-01-14,4036.23948
2020-01-15,4068.20457
2020-01-16,4149.82957
2020-01-19,4382.06434
2020-01-20,4434.24301
2020-01-21,4413.32406
2020-01-22,4440.29666
2020-01-23,4513.89368
2020-01-26,4528.20492
2020-01-27,4493.01762
2020-01-28,4510.77044
2020-01-29,4481.79447
2020-01-30,4469.65654
2020-02-02,4481.51042
2020-02-03,4506.87988
2020-02-04,4479.40287
2020-02-05,4465.89856
2020-02-06,4452.96102
2020-02-09,4388.75609
2020-02-10,4385.54932
2020-02-11,4471.51398
2020-02-12,4480.83049
2020-02-13,4564.61068
2020-02-16,4734.15273
2020-02-17,4768.13686
2020-02-18,4740.40482
2020-02-19,4758.00772
2020-02-20,4733.14396
2020-02-23,4698.89949
2020-02-24,4650.89541
2020-02-25,4621.19875
2020-02-26,4549.1132
2020-02-27,4480.22879
2020-03-01,4409.9186
2020-03-02,4434.81668
2020-03-03,4466.07187
2020-03-04,4409.62069
2020-03-05,4384.48319
2020-03-08,4287.38049
2020-03-09,4008.05552
2020-03-10,4156.32346
2020-03-11,4231.48768
2020-03-12,4129.96194
2020-03-15,3969.31219
2020-03-16,3772.55866
2020-03-18,3603.95304
2020-03-19,3974.96475
2020-03-22,3960.17258
2020-03-23,3984.75152
2020-03-24,3976.56856
2020-03-25,4008.28839
2020-05-31,4060.44779
2020-06-01,4036.07879
2020-06-02,3969.58141
2020-06-03,3963.40524
2020-06-04,3953.38972
2020-06-07,3961.51347
2020-06-08,3956.10705
2020-06-09,3962.37535
2020-06-10,3966.75413
2020-06-11,3967.31047
2020-06-14,3964.28111
2020-06-15,3958.36635
2020-06-16,3960.65605
2020-06-17,3961.90399
2020-06-18,3960.57557
2020-06-21,3962.98406
2020-06-22,3962.04698
2020-06-23,3963.35008
2020-06-24,3964.83323
2020-06-25,3966.36106
2020-06-28,3974.22704
2020-06-29,3981.64055
2020-06-30,3987.86329
2020-07-02,3986.73595
2020-07-05,3981.52236
2020-07-06,3994.65348
2020-07-07,4001.81245
2020-07-08,4034.65232
2020-07-09,4061.56717
2020-07-12,4099.42394
2020-07-13,4089.5153
2020-07-14,4082.14644
2020-07-15,4079.07049
2020-07-16,4069.11337
2020-07-19,4050.64994
2020-07-20,4070.15481
2020-07-21,4085.79712
2020-07-22,4076.79093
2020-07-23,4080.9384
2020-07-26,4129.07501
2020-07-27,4145.38051
2020-07-28,4156.54622
2020-07-29,4171.20922
2020-07-30,4214.42998
2020-08-03,4271.81
2020-08-04,4299.1
2020-08-05,4307.15
2020-08-06,4364.83
2020-08-09,4545.15
2020-08-10,4533.05
2020-08-12,4633.37
2020-08-13,4703.32
2020-08-16,4859.48
2020-08-17,4785.04
2020-08-18,4720.1
2020-08-19,4789.37
2020-08-20,4794.06946
2020-08-23,4794.92226
2020-08-24,4762.43745
2020-08-25,4781.57107
2020-08-26,4827.57863
2020-08-27,4873.17655
2020-08-31,4879.1481
2020-09-01,4862.22357
2020-09-02,4891.53034
2020-09-03,4927.82398
2020-09-06,4948.56615
2020-09-07,4959.18339
2020-09-08,4978.32712
2020-09-09,4971.6899
2020-09-10,5011.29567
2020-09-13,5094.05999
2020-09-14,5092.14511
2020-09-15,5100.54799
2020-09-16,5116.81042
2020-09-17,5104.65199
2020-09-20,5088.87019
2020-09-21,5012.1253
2020-09-22,4970.10595
2020-09-23,4972.13308
2020-09-24,4978.77837
2020-09-27,4971.61455
2020-09-28,5003.62557
2020-09-29,4982.37474
2020-09-30,4963.29424
2020-10-01,4995.31992
2020-10-04,4997.99844
2020-10-05,4946.67818
2020-10-06,4928.86722
2020-10-07,4934.46545
2020-10-08,4916.97136
2020-10-11,4858.36185
2020-10-12,4809.70463
2020-10-13,4839.85839
2020-10-14,4839.05363
2020-10-15,4872.2969
2020-10-18,4877.65316
2020-10-19,4902.15552
2020-10-20,4917.25287
2020-10-21,4916.85016
2020-10-22,4914.03669
2020-10-25,4892.01417
2020-10-27,4867.96517
2020-10-28,4838.52318
2020-10-29,4846.1022
2020-11-01,4896.68573
2020-11-02,4918.38426
2020-11-03,4928.01814
2020-11-04,4919.60479
2020-11-05,4942.12164
2020-11-08,4923.65857
2020-11-09,4928.07999
2020-11-10,4899.64764
2020-11-11,4883.69807
2020-11-12,4905.03562
2020-11-15,4867.7398
2020-11-16,4871.41984
2020-11-17,4905.097
2020-11-18,4887.12458
2020-11-19,4880.37945
2020-11-22,4845.09211
2020-11-23,4817.70063
2020-11-24,4833.19569
2020-11-25,4861.87832
2020-11-26,4869.09286
2020-11-29,4881.8213
2020-11-30,4866.84227
2020-12-01,4903.95567
2020-12-02,4934.86248
2020-12-03,4974.83921
2020-12-06,5024.38916
2020-12-07,5053.49244
2020-12-08,5049.80151
2020-12-09,5069.88341
2020-12-10,5094.66226
2020-12-13,5126.43053
2020-12-14,5147.0243
2020-12-15,5123.0659
2020-12-17,5108.03652
2020-12-20,5074.58627
2020-12-21,5115.19886
2020-12-22,5098.48851
2020-12-23,5133.29838
2020-12-24,5218.36907
2020-12-27,5297.31632
2020-12-28,5344.01424
2020-12-29,5358.25678
2020-12-30,5402.06586
2021-01-03,5618.95835
2021-01-04,5652.32789
2021-01-05,5609.70664
2021-01-06,5640.1927
2021-01-07,5621.76601
2021-01-10,5634.04927
2021-01-11,5718.75144
2021-01-12,5861.02089
2021-01-13,5770.005
2021-01-14,5909.30826
2021-01-17,5850.43726
2021-01-18,5801.72219
2021-01-19,5820.80993
2021-01-20,5827.56466
2021-01-21,5836.18076
2021-01-24,5815.54721
2021-01-25,5789.92772
2021-01-26,5695.37702
2021-01-27,5714.74918
2021-01-28,5724.35809
2021-01-31,5649.86185
2021-02-01,5599.80065
2021-02-02,5564.69695
2021-02-03,5581.86843
2021-02-04,5647.6705
2021-02-07,5504.78264
2021-02-08,5376.45878
2021-02-09,5498.54132
2021-02-10,5509.40799
2021-02-11,5485.0163
2021-02-14,5447.64175
2021-02-15,5545.09158
2021-02-16,5527.39146
2021-02-17,5503.67869
2021-02-18,5475.9859
2021-02-22,5385.21293
2021-02-23,5317.71969
2021-02-24,5385.64595
2021-02-25,5416.39054
2021-02-28,5404.7995
2021-03-01,5426.82205
2021-03-02,5508.26858
2021-03-03,5488.07501
2021-03-04,5515.78237
2021-03-07,5584.29986
2021-03-08,5604.38018
2021-03-09,5591.38168
2021-03-10,5563.66504
2021-03-11,5568.85632
2021-03-14,5519.15599
2021-03-15,5532.97056
2021-03-16,5516.40658
2021-03-18,5434.69299
2021-03-21,5349.77874
2021-03-22,5412.19702
2021-03-23,5413.7316
2021-03-24,5330.12162
2021-03-25,5327.21607
2021-03-28,5343.94942
2021-03-29,5373.12459
2021-03-31,5278.16392
2021-04-01,5270.53103
2021-04-04,5088.9895
2021-04-05,5177.48349
2021-04-06,5281.37747
2021-04-07,5337.33242
2021-04-08,5254.77567
2021-04-11,5164.69832
2021-04-12,5188.27
2021-04-13,5258.50124
2021-04-15,5310.18762
2021-04-18,5331.42527
2021-04-19,5349.91504
2021-04-20,5421.78446
2021-04-21,5423.22421
2021-04-22,5435.03196
2021-04-25,5498.21376
2021-04-26,5482.73822
2021-04-27,5422.3897
2021-04-28,5461.34073
2021-04-29,5479.61533
2021-05-02,5517.01956
2021-05-03,5511.36405
2021-05-04,5535.48129
2021-05-05,5588.8302
2021-05-06,5606.01626
2021-05-09,5645.69164
2021-05-11,5724.36855
2021-05-12,5750.49691
2021-05-16,5813.16504
2021-05-17,5840.08658
2021-05-18,5829.23183
2021-05-19,5873.13719
2021-05-20,5813.069
2021-05-23,5787.59594
2021-05-24,5842.91008
2021-05-25,5884.78909
2021-05-27,5985.81503
2021-05-30,6008.69445
2021-05-31,5990.9879
2021-06-01,5993.33355
2021-06-02,6019.00368
2021-06-03,6053.42697
2021-06-06,6038.29185
2021-06-07,5975.89385
2021-06-08,6023.15274
2021-06-09,6055.0507
2021-06-10,6066.64183
2021-06-13,6036.05287
2021-06-14,6013.61724
2021-06-15,6022.31159
2021-06-16,6051.73714
2021-06-17,6052.75646
2021-06-20,6069.40926
2021-06-21,6125.41145
2021-06-22,6105.73174
2021-06-23,6035.8403
2021-06-24,6092.83856
2021-06-27,5992.73235
2021-06-28,6026.64815
2021-06-29,6042.49696
2021-06-30,6150.48392
2021-07-05,6219.94146
2021-07-06,6196.57423
2021-07-07,6177.21946
2021-07-08,6212.76991
2021-07-12,6208.39208
2021-07-13,6266.01728
2021-07-14,6273.33035
2021-07-15,6307.35674
2021-07-18,6365.11767
2021-07-19,6405.04496
2021-07-25,6431.06459
2021-07-26,6404.03273
2021-07-27,6379.67649
2021-07-28,6417.19199
2021-07-29,6425.25664
2021-08-02,6481.56946
2021-08-03,6535.87232
2021-08-05,6596.07734
2021-08-09,6628.14327
2021-08-10,6617.83409
2021-08-11,6623.31487
2021-08-12,6699.39134
2021-08-16,6748.92239
2021-08-17,6787.16732
2021-08-18,6771.8486
2021-08-19,6760.61865
2021-08-22,6842.23269
2021-08-23,6862.4148
2021-08-24,6884.67639
2021-08-25,6878.75614
2021-08-26,6851.32177
2021-08-29,6823.60375
2021-08-31,6869.24734
2021-09-01,6916.38971
2021-09-02,6981.05847
2021-09-05,7052.82142
2021-09-06,7075.49258
2021-09-07,7140.87406
2021-09-08,7196.32428
2021-09-09,7258.74794
2021-09-12,7202.09054
2021-09-13,7218.05534
2021-09-14,7140.50404
2021-09-15,7196.55163
2021-09-16,7228.31377
2021-09-19,7191.80851
2021-09-20,7205.82471
2021-09-21,7258.57065
2021-09-22,7241.84289
2021-09-23,7250.60005
2021-09-26,7237.1417
2021-09-27,7251.71421
2021-09-28,7297.24338
2021-09-29,7302.85812
2021-09-30,7329.03694
2021-10-03,7356.04279
2021-10-04,7327.54711
2021-10-05,7331.39618
2021-10-06,7351.0455
2021-10-07,7342.96922
2021-10-10,7367.99947
2021-10-11,7345.57263
2021-10-12,7313.9831
2021-10-13,7248.44097
2021-10-14,7243.26619
2021-10-17,7186.46415
2021-10-18,7097.27442
2021-10-19,7020.61421
2021-10-21,7076.23101
2021-10-24,7005.70859
2021-10-25,6885.2936
2021-10-26,7005.78285
2021-10-27,7011.88984
2021-10-28,7062.35722
2021-10-31,7000.94603
2021-11-01,6998.0396
2021-11-02,6954.35013
2021-11-03,6898.27914
2021-11-04,6906.71806
2021-11-07,6855.87789
2021-11-08,6799.64275
2021-11-09,6868.08828
2021-11-10,6982.18017
2021-11-11,6995.92841
2021-11-14,6930.07232
2021-11-15,6941.36779
2021-11-16,7056.5798
2021-11-17,7060.77793
2021-11-18,7091.81885
2021-11-21,7085.67052
2021-11-22,7022.29166
2021-11-23,7013.00406
2021-11-24,6917.91696
2021-11-25,6852.08826
2021-11-28,6773.89652
2021-11-29,6795.51316
2021-11-30,6703.25623
2021-12-01,6847.00432
2021-12-02,6936.20154
2021-12-05,6965.63052
2021-12-06,6978.53604
2021-12-07,7048.99217
2021-12-08,6952.13808
2021-12-09,6984.74113
2021-12-12,6920.35329
2021-12-13,6882.02482
2021-12-14,6837.80683
2021-12-15,6868.17468
2021-12-19,6783.19042
2021-12-20,6736.55611
2021-12-21,6757.25996
2021-12-22,6754.44613
2021-12-23,6702.61133
2021-12-26,6629.87541
2021-12-27,6669.21563
2021-12-28,6742.63173
2021-12-29,6731.14801
2021-12-30,6756.6568
2022-01-02,6853.13908
2022-01-03,6882.30028
2022-01-04,6892.99375
2022-01-05,6929.9319
2022-01-06,6987.45034
2022-01-09,6932.61174
2022-01-10,6994.15481
2022-01-11,7049.15048
2022-01-12,6996.0606
2022-01-13,7017.22855
2022-01-16,7019.59675
2022-01-17,7055.27115
2022-01-18,7055.70941
2022-01-19,7089.43268
2022-01-20,7105.69315
2022-01-23,7073.00015
2022-01-24,7019.25364
2022-01-25,7032.57464
2022-01-26,7032.44413
2022-01-27,7027.55029
2022-01-30,6991.55304
2022-01-31,6926.29042
2022-02-01,6997.6036
2022-02-02,7016.75938
2022-02-03,7023.52028
2022-02-06,7064.29311
2022-02-07,7051.80301
2022-02-08,7072.78784
2022-02-09,7081.38222
2022-02-10,7085.94994
2022-02-13,7089.52593
2022-02-14,7060.73827
2022-02-15,7036.77192
2022-02-16,7043.69402
2022-02-17,6991.35616
2022-02-20,6926.62543
2022-02-22,6917.90927
2022-02-23,6948.67279
2022-02-24,6839.44086
2022-02-27,6676.14258
2022-02-28,6739.44961
2022-03-01,6753.78965
2022-03-02,6699.83596
2022-03-03,6696.52047
2022-03-06,6638.63722
2022-03-07,6456.51376
2022-03-08,6474.28851
2022-03-09,6630.02351
2022-03-10,6668.14654
2022-03-13,6765.73261
2022-03-14,6763.9339
2022-03-15,6765.47959
2022-03-16,6765.58965
2022-03-20,6698.04448
2022-03-21,6691.77995
2022-03-22,6771.66033
2022-03-23,6750.40126
2022-03-24,6752.87373
2022-03-27,6741.55178
2022-03-28,6758.16776
2022-03-29,6765.30222
2022-03-30,6753.76371
2022-03-31,6757.83526
2022-04-03,6771.91593
2022-04-04,6718.91331
2022-04-05,6694.30129
2022-04-06,6662.48286
2022-04-07,6641.2337
2022-04-10,6662.452
2022-04-11,6638.56813
2022-04-12,6574.07285
2022-04-13,6584.97476
2022-04-17,6554.87364
2022-04-18,6482.38116
2022-04-19,6530.06777
2022-04-20,6606.41056
2022-04-21,6662.36324
2022-04-24,6683.2389
2022-04-25,6666.91159
2022-04-26,6677.56799
2022-04-27,6677.64445
2022-04-28,6655.6665
2022-05-05,6643.16613
2022-05-08,6669.41844
2022-05-09,6698.08398
2022-05-10,6665.61461
2022-05-11,6591.99032
2022-05-12,6565.4702
2022-05-16,6430.93179
2022-05-17,6403.50516
2022-05-18,6309.91585
2022-05-19,6258.24873
2022-05-22,6142.681
2022-05-23,6261.54535
2022-05-24,6211.46086
2022-05-25,6187.64948
2022-05-26,6237.9798
2022-05-29,6369.33221
2022-05-30,6388.65989
2022-05-31,6392.85911
2022-06-01,6433.1729
2022-06-02,6451.53162
2022-06-05,6497.39319
2022-06-06,6489.17129
2022-06-07,6468.6041
2022-06-08,6484.24844
2022-06-09,6480.30092
2022-06-12,6431.46025
2022-06-13,6391.99015
2022-06-14,6361.39055
2022-06-15,6374.5127
2022-06-16,6425.73633
2022-06-19,6406.46981
2022-06-20,6357.3856
2022-06-21,6311.65565
2022-06-22,6317.80193
2022-06-23,6327.65291
2022-06-26,6301.08974
2022-06-27,6320.33335
2022-06-28,6342.59004
2022-06-29,6350.46648
2022-06-30,6376.94392
2022-07-03,6359.77777
2022-07-04,6346.88173
2022-07-05,6372.13365
2022-07-06,6366.0509
2022-07-07,6366.95744
2022-07-12,6355.48607
2022-07-13,6324.80821
2022-07-14,6324.50422
2022-07-17,6304.28873
2022-07-18,6216.89059
2022-07-19,6153.17741
2022-07-20,6138.78734
2022-07-21,6126.51637
2022-07-24,6052.44104
2022-07-25,6082.89805
2022-07-26,6112.24666
2022-07-27,6038.00311
2022-07-28,5980.5109
2022-07-31,6133.96031
2022-08-01,6163.99432
2022-08-02,6249.23299
2022-08-03,6300.10772
2022-08-04,6312.25085
2022-08-07,6304.00012
2022-08-08,6258.95
2022-08-10,6180.90178
2022-08-11,6148.76948
2022-08-14,6175.23526
2022-08-16,6225.9103
2022-08-17,6241.43943
2022-08-21,6259.46373
2022-08-22,6300.13514
2022-08-23,6315.82903
2022-08-24,6280.3506
2022-08-25,6355.07448
2022-08-28,6401.80575
2022-08-29,6407.98473
2022-08-30,6432.83243
2022-08-31,6457.21576
2022-09-01,6508.60736
2022-09-04,6489.93656
2022-09-05,6431.347
2022-09-06,6470.99704
2022-09-07,6547.46193
2022-09-08,6560.01589
2022-09-11,6538.2997
2022-09-12,6528.30626
2022-09-13,6537.59612
2022-09-14,6487.17974
2022-09-15,6515.01107
2022-09-18,6535.13576
2022-09-19,6600.87914
2022-09-20,6596.65767
2022-09-21,6551.44454
2022-09-22,6564.00096
2022-09-25,6515.16311
2022-09-26,6510.97687
2022-09-27,6489.0474
2022-09-28,6496.38846
2022-09-29,6512.89201
2022-10-02,6531.58805
2022-10-03,6518.34884
2022-10-04,6544.8303
2022-10-06,6569.50957
2022-10-10,6449.63453
2022-10-11,6449.92186
2022-10-12,6500.85132
2022-10-13,6494.24973
2022-10-16,6478.46843
2022-10-17,6413.01875
2022-10-18,6400.70571
2022-10-19,6390.18425
2022-10-20,6392.29823
2022-10-23,6344.31112
2022-10-24,6307.9537
2022-10-25,6328.19702
2022-10-26,6344.35204
2022-10-27,6377.99807
2022-10-30,6334.02555
2022-10-31,6307.33999
2022-11-01,6352.89697
2022-11-02,6388.56035
2022-11-03,6410.66573
2022-11-06,6415.77078
2022-11-07,6393.02914
2022-11-08,6384.09839
2022-11-09,6350.13663
2022-11-10,6353.76634
2022-11-13,6304.83403
2022-11-14,6253.48945
2022-11-15,6218.32389
2022-11-16,6253.34698
2022-11-17,6265.9918
2022-11-20,6215.24384
2022-11-21,6190.98574
2022-11-22,6230.50587
2022-11-23,6207.72954
2022-11-24,6215.11635
2022-11-27,6232.29001
2022-11-28,6197.93988
2022-11-29,6212.45595
2022-11-30,6235.94586
2022-12-01,6245.37721
2022-12-04,6224.56258
2022-12-05,6212.5547
2022-12-06,6229.00771
2022-12-07,6233.68348
2022-12-08,6227.82385
2022-12-11,6239.55412
2022-12-12,6266.95676
2022-12-13,6271.40998
2022-12-14,6260.76542
2022-12-15,6256.82544
2022-12-18,6245.61103
2022-12-19,6238.99084
2022-12-20,6226.50214
2022-12-21,6198.82098
2022-12-22,6202.21242
2022-12-26,6189.69682
2022-12-27,6180.27196
2022-12-28,6195.81674
2022-12-29,6206.81389
2023-01-01,6195.37281
2023-01-02,6177.87984
2023-01-03,6185.06261
2023-01-04,6202.62682
2023-01-05,6193.96183
2023-01-08,6192.30575
2023-01-09,6191.54563
2023-01-10,6205.27788
2023-01-11,6209.52206
2023-01-12,6215.04937
2023-01-15,6250.50386
2023-01-16,6246.06583
2023-01-17,6281.74365
2023-01-18,6258.17368
2023-01-19,6265.44374
2023-01-22,6255.93088
2023-01-23,6263.50613
2023-01-24,6291.30424
2023-01-25,6293.39867
2023-01-26,6296.25545
2023-01-29,6288.33426
2023-01-30,6278.84113
2023-01-31,6267.05466
2023-02-01,6277.18145
2023-02-02,6294.73268
2023-02-05,6286.53009
2023-02-06,6280.71703
2023-02-07,6285.40469
2023-02-08,6295.65784
2023-02-09,6283.30751
2023-02-12,6256.15674
2023-02-13,6270.87238
2023-02-14,6256.17307
2023-02-15,6245.02118
2023-02-16,6246.20935
2023-02-19,6227.93834
2023-02-20,6218.83787
2023-02-22,6218.30009
2023-02-23,6205.11619
2023-02-26,6182.09081
2023-02-27,6199.20375
2023-02-28,6216.95191
2023-03-01,6214.69188
2023-03-02,6213.74333
2023-03-05,6250.20047
2023-03-06,6259.4753
2023-03-07,6262.3116
2023-03-09,6260.17687
2023-03-12,6234.98803
2023-03-13,6243.57378
2023-03-14,6231.95618
2023-03-15,6213.37171
2023-03-16,6220.24291
2023-03-19,6207.32794
2023-03-20,6204.176
2023-03-21,6222.90219
2023-03-22,6206.63996
2023-03-23,6215.3049
2023-03-27,6203.92453
2023-03-28,6193.0848
2023-03-29,6196.75086
2023-03-30,6206.7975
2023-04-02,6217.79136
2023-04-03,6213.45111
2023-04-04,6209.68225
2023-04-05,6211.0276
2023-04-06,6214.20454
2023-04-09,6214.0206
2023-04-10,6201.5503
2023-04-11,6196.4851
2023-04-12,6204.8772
2023-04-13,6215.17968
2023-04-16,6216.23281
2023-04-17,6223.05544
2023-04-18,6228.65121
2023-04-24,6252.16092
2023-04-25,6263.51656
2023-04-26,6266.35649
2023-04-27,6274.06197
2023-04-30,6262.68712
2023-05-02,6270.77296
2023-05-03,6269.16166
2023-05-07,6269.34197
2023-05-08,6261.62648
2023-05-09,6273.59919
2023-05-10,6279.10722
2023-05-11,6272.42849
2023-05-14,6263.40027
2023-05-15,6260.09906
2023-05-16,6277.20749
2023-05-17,6281.24998
2023-05-18,6290.19589
2023-05-21,6281.29573
2023-05-22,6281.65377
2023-05-23,6306.18754
2023-05-24,6305.90056
2023-05-25,6325.7318
2023-05-28,6339.88419
2023-05-29,6332.74093
2023-05-30,6345.78462
2023-05-31,6339.73583
2023-06-01,6355.55553
2023-06-04,6366.13519
2023-06-05,6356.29697
2023-06-06,6316.19038
2023-06-07,6338.98841
2023-06-08,6352.84183
2023-06-11,6341.57755
2023-06-12,6310.59806
2023-06-13,6298.9156
2023-06-14,6274.75825
2023-06-15,6280.01769
2023-06-18,6281.06523
2023-06-19,6314.14259
2023-06-20,6301.79809
2023-06-21,6310.95739
2023-06-22,6319.25006
2023-06-25,6325.71142
2023-06-26,6344.08933
2023-07-02,6343.2977
2023-07-03,6331.36305
2023-07-04,6334.10927
2023-07-05,6336.1479
2023-07-06,6334.79137
2023-07-09,6338.81084
2023-07-10,6325.2025
2023-07-11,6327.98655
2023-07-12,6336.78749
2023-07-13,6341.09785
2023-07-16,6367.42173
2023-07-17,6361.16085
2023-07-18,6351.10348
2023-07-19,6366.17128
2023-07-20,6365.60605
2023-07-23,6342.56466
2023-07-24,6337.88849
2023-07-25,6331.03042
2023-07-26,6332.52469
2023-07-27,6339.51096
2023-07-30,6333.85599
2023-07-31,6324.80986
2023-08-01,6338.77068
2023-08-02,6342.99871
2023-08-03,6329.86162
2023-08-06,6315.81444
2023-08-07,6299.65597
2023-08-08,6315.57239
2023-08-09,6296.99302
2023-08-10,6297.24898
2023-08-13,6287.81144
2023-08-14,6257.14146
2023-08-16,6220.80191
2023-08-17,6254.82511
2023-08-20,6265.23862
2023-08-21,6291.83031
2023-08-22,6288.51848
2023-08-23,6275.75486
2023-08-24,6280.08689
2023-08-27,6298.22718
2023-08-28,6299.65538
2023-08-29,6290.99378
2023-08-30,6293.13893
2023-08-31,6299.49842
2023-09-03,6311.60623
2023-09-04,6307.81651
2023-09-05,6316.98247
2023-09-07,6307.08482
2023-09-10,6285.69897
2023-09-11,6283.85633
2023-09-12,6300.56077
2023-09-13,6304.88374
2023-09-14,6302.03233
2023-09-17,6311.29027
2023-09-18,6310.97548
2023-09-19,6311.07549
2023-09-20,6310.62888
2023-09-21,6309.74712
2023-09-24,6280.93277
2023-09-25,6282.77565
2023-09-26,6283.80016
2023-09-27,6284.63327
2023-10-01,6264.90311
2023-10-02,6272.93767
2023-10-03,6262.43922
2023-10-04,6262.78804
2023-10-05,6261.7196
2023-10-08,6237.23709
2023-10-09,6229.60997
2023-10-10,6247.38289
2023-10-11,6256.1872
2023-10-12,6269.34538
2023-10-15,6263.1548
2023-10-16,6265.15713
2023-10-17,6273.71409
2023-10-18,6278.51309
2023-10-19,6289.00906
2023-10-22,6276.17154
2023-10-23,6277.89414
2023-10-25,6282.47573
2023-10-26,6275.83257
2023-10-29,6275.2233
2023-10-30,6276.72955
2023-10-31,6278.65766
2023-11-01,6273.71895
2023-11-02,6267.9
2023-11-05,6275.08828
2023-11-06,6277.63271
2023-11-07,6276.6588
2023-11-08,6273.77258
2023-11-09,6271.83663
2023-11-12,6257.72904
2023-11-13,6245.80502
2023-11-14,6249.82372
2023-11-15,6258.18312
2023-11-16,6257.14986
2023-11-19,6240.97999
2023-11-20,6226.56023
2023-11-21,6221.73477
2023-11-22,6224.4719
2023-11-23,6233.70801
2023-11-26,6229.59329
2023-11-27,6209.44143
2023-11-28,6202.81497
2023-11-29,6218.53759
2023-11-30,6223.02943
2023-12-03,6231.94414
2023-12-04,6244.4022
2023-12-05,6247.57061
2023-12-06,6250.47087
2023-12-07,6252.55966
2023-12-10,6251.28567
2023-12-11,6264.34721
2023-12-12,6263.87006
2023-12-13,6262.86926
2023-12-14,6266.85182
2023-12-17,6256.80419
2023-12-18,6251.16507
2023-12-19,6261.02821
2023-12-20,6261.98697
2023-12-21,6249.29191
2023-12-24,6238.98486
2023-12-26,6245.24047
2023-12-27,6243.88084
2023-12-28,6246.4954
2024-01-01,6242.87385
2024-01-02,6233.41837
2024-01-03,6236.07058
2024-01-04,6244.16626
2024-01-08,6269.5107
2024-01-09,6267.81986
2024-01-10,6285.25381
2024-01-11,6301.69762
2024-01-14,6302.8099
2024-01-15,6318.07664
2024-01-16,6331.6132
2024-01-17,6346.2062
2024-01-18,6336.75512
2024-01-21,6240.25284
2024-01-22,6254.30642
2024-01-23,6276.2562
2024-01-24,6226.65114
2024-01-25,6156.4076
2024-01-28,6079.06356
2024-01-29,6097.2299
2024-01-30,6150.21652
2024-01-31,6153.33772
2024-02-01,6213.99152
2024-02-04,6280.73556
2024-02-05,6322.59991
2024-02-06,6346.06211
2024-02-07,6352.4979
2024-02-08,6373.35155
2024-02-11,6447.07104
2024-02-12,6424.93479
2024-02-13,6394.81538
2024-02-14,6371.54189
2024-02-15,6336.25418
2024-02-18,6283.23592
2024-02-19,6258.98387
2024-02-20,6256.12705
2024-02-22,6273.95595
2024-02-25,6259.63215
2024-02-27,6272.72598
2024-02-28,6268.6292
2024-02-29,6254.53713
2024-03-03,6215.18904
2024-03-04,6175.24797
2024-03-05,6131.14235
2024-03-06,6166.13741
2024-03-07,6112.76197
2024-03-10,6075.24
2024-03-11,6058.39435
2024-03-12,6006.87604
2024-03-13,5974.10653
2024-03-14,5968.0439
2024-03-18,5898.23548
2024-03-19,5814.09612
2024-03-20,5872.58391
2024-03-21,5941.66365
2024-03-24,5901.11781
2024-03-25,5834.38727
2024-03-27,5762.68051
2024-03-28,5778.32641
2024-03-31,5829.70087
2024-04-01,5761.37831
2024-04-02,5738.39709
2024-04-03,5776.07604
2024-04-04,5796.12335
2024-04-08,5860.23286
2024-04-09,5864.08766
2024-04-15,5778.76968
2024-04-16,5774.58134
2024-04-17,5763.77239
2024-04-18,5686.68772
2024-04-21,5653.71044
2024-04-22,5674.86709
2024-04-23,5633.60828
2024-04-24,5578.97063
2024-04-25,5518.48221
2024-04-28,5615.8425
2024-04-29,5569.68937
2024-04-30,5584.64953
2024-05-02,5615.64642
2024-05-05,5692.06365
2024-05-06,5727.01727
2024-05-07,5725.27996
2024-05-08,5690.78392
2024-05-09,5661.04814
2024-05-12,5696.7237
2024-05-13,5666.76007
2024-05-14,5585.61933
2024-05-15,5527.39785
2024-05-16,5517.41687
2024-05-19,5431.28181
2024-05-20,5393.65477
2024-05-21,5371.1008
2024-05-23,5312.39603
2024-05-26,5250.84983
2024-05-27,5310.51885
2024-05-28,5278.88449
2024-05-29,5228.53142
2024-05-30,5251.96184
2024-06-02,5233.66618
2024-06-03,5235.63361
2024-06-04,5247.5275
2024-06-05,5224.36538
2024-06-06,5237.32148
2024-06-09,5171.56229
2024-06-10,5105.88878
2024-06-11,5070.01878
2024-06-12,5083.19643
2024-06-13,5117.81074
2024-06-19,5161.38218
2024-06-20,5244.12835
2024-06-23,5247.13723
2024-06-24,5220.18558
2024-06-25,5241.83699
2024-06-26,5302.72123
2024-06-27,5355.41017
2024-06-30,5328.40294
2024-07-02,5340.18963
2024-07-03,5373.842
2024-07-04,5497.56015
2024-07-07,5558.94347
2024-07-08,5564.63034
2024-07-09,5594.64557
2024-07-10,5568.45047
2024-07-11,5506.78223
2024-07-14,5482.79108
2024-07-15,5484.96585
2024-07-16,5483.14458
2024-07-18,5446.50191
2024-07-24,5350.83353
2024-07-25,5413.64599
2024-07-28,5383.72012
2024-07-29,5330.2433
2024-07-30,5269.52828
2024-07-31,5280.47492
2024-08-01,5333.938
2024-08-04,5229.26824
2024-08-06,5426.42393
2024-08-07,5618.79295
2024-08-08,5924.81327
2024-08-11,6015.9069
2024-08-12,5932.27925
2024-08-13,5867.96124
2024-08-14,5952.77286
2024-08-15,5903.83616
2024-08-18,5778.6399
2024-08-19,5775.49274
2024-08-20,5715.35696
2024-08-21,5606.95737
2024-08-22,5699.9162
2024-08-25,5700.58889
2024-08-27,5685.77895
2024-08-28,5756.71308
2024-08-29,5804.41894
2024-09-01,5829.37294
2024-09-02,5803.71087
2024-09-03,5786.5188
2024-09-04,5739.06674
2024-09-05,5728.64501
2024-09-08,5679.30961
2024-09-09,5629.54048
2024-09-10,5702.82923
2024-09-11,5713.95595
2024-09-12,5726.51545
2024-09-15,5711.77478
2024-09-17,5681.60298
2024-09-18,5694.13547
2024-09-19,5735.27238
2024-09-22,5734.9748
2024-09-23,5760.39232
2024-09-24,5777.95927
2024-09-25,5736.5087
2024-09-26,5639.13384
2024-09-29,5658.11727
2024-09-30,5624.50314
2024-10-01,5586.28575
2024-10-02,5453.99344
2024-10-03,5462.58073
2024-10-06,5378.77515
2024-10-07,5335.05505
2024-10-08,5323.21819
2024-10-09,5422.05668
2024-10-14,5373.542
2024-10-15,5365.96492
2024-10-16,5316.21089
2024-10-17,5257.97639
2024-10-20,5160.73068
2024-10-21,5173.11074
2024-10-22,5241.77491
2024-10-23,5169.79296
2024-10-24,5114.59696
2024-10-27,4965.39395
2024-10-28,4898.52637
2024-10-29,5017.32765
2024-10-30,5164.83877
2024-10-31,5199.40341
2024-11-03,5190.85928
2024-11-04,5252.49541
2024-11-05,5365.0175
2024-11-06,5347.08388
2024-11-07,5316.33395
2024-11-10,5265.8462
2024-11-11,5333.42404
2024-11-12,5298.36505
2024-11-13,5316.01752
2024-11-14,5355.32694
2024-11-17,5328.32847
2024-11-18,5300.06655
2024-11-19,5242.66142
2024-11-20,5245.26354
2024-11-21,5197.58015
2024-11-24,5146.4995
2024-11-25,5136.12511
2024-11-26,5143.12922
2024-11-27,5197.93651
2024-11-28,5192.59474
2024-12-01,5185.04803
2024-12-02,5201.93919
2024-12-03,5226.04873
2024-12-04,5238.3706
2024-12-05,5196.82337
2024-12-08,5181.83165
2024-12-09,5166.98069
2024-12-10,5166.83237
2024-12-11,5124.49968
2024-12-12,5105.4316
2024-12-15,5178.86692
2024-12-17,5224.58344
2024-12-18,5208.2084
2024-12-19,5221.57273
2024-12-22,5196.41038
2024-12-23,5170.79421
2024-12-24,5169.32268
2024-12-26,5184.44633
2024-12-29,5204.77948
2024-12-30,5216.44276
2025-01-01,5218.15975
2025-01-02,5199.61657
2025-01-05,5165.1677
2025-01-06,5198.84249
2025-01-07,5190.77791
2025-01-08,5185.00084
2025-01-09,5194.43347
2025-01-12,5156.22938
2025-01-13,5151.87693
2025-01-14,5150.86667
2025-01-15,5142.51908
2025-01-16,5133.92378
2025-01-19,5145.07848
2025-01-20,5195.82996
2025-01-21,5202.61589
2025-01-22,5177.24361
2025-01-23,5166.5309
2025-01-26,5132.3861
2025-01-27,5130.05959
2025-01-28,5126.42229
2025-01-29,5112.51123
2025-01-30,5112.89548
2025-02-02,5126.14893
2025-02-03,5145.84493
2025-02-04,5147.33934
2025-02-05,5170.06499
2025-02-06,5179.17525
2025-02-09,5165.88083
2025-02-10,5174.28319
2025-02-11,5192.05169
2025-02-12,5189.62162
2025-02-13,5201.47815
2025-02-16,5198.78299
2025-02-17,5211.53273
2025-02-18,5203.20038
2025-02-19,5192.4441
2025-02-20,5200.37421
2025-02-23,5224.3728
2025-02-24,5234.94565
2025-02-25,5267.88572
2025-02-26,5253.78918
2025-02-27,5247.30108
2025-03-02,5236.84735
2025-03-03,5220.66506
2025-03-04,5194.10631
2025-03-05,5196.66064
2025-03-06,5203.96022
2025-03-09,5174.44098
2025-03-10,5190.94571
2025-03-11,5199.30089
2025-03-12,5216.06559
2025-03-13,5225.61398
2025-03-16,5221.94611
2025-03-17,5205.43745
2025-03-18,5210.295
2025-03-19,5207.35798
2025-03-20,5201.69716
2025-03-23,5183.35687
2025-03-24,5196.88872
2025-03-25,5214.20681
2025-03-27,5219.16223
2025-04-06,5205.19249
2025-04-07,5196.70267
2025-04-08,5185.82783
2025-04-09,5196.04611
2025-04-10,5205.2344
2025-04-13,5169.68187
2025-04-15,5132.01835
2025-04-16,5105.68857
2025-04-17,5097.32855
2025-04-20,5074.37674
2025-04-21,5044.85027
2025-04-22,5026.57205
2025-04-23,5022.47441
2025-04-24,4972.59569
2025-04-27,4995.46816
2025-04-28,4952.79458
2025-04-29,4935.61688
2025-04-30,4917.91794
2025-05-04,4956.25243
2025-05-05,4964.6702
2025-05-06,4951.72775
2025-05-07,4802.41799
2025-05-08,4902.2777
2025-05-12,4921.55512
2025-05-13,4874.58004
2025-05-14,4835.60319
2025-05-15,4781.02019
2025-05-17,4820.46855
2025-05-18,4791.08736
2025-05-19,4776.33415
2025-05-20,4795.04563
2025-05-21,4801.32154
2025-05-22,4785.11559
2025-05-24,4746.42555
2025-05-25,4736.33914
2025-05-26,4719.38685
2025-05-27,4678.13251
2025-05-28,4615.40524
2025-05-29,4637.92126
2025-06-01,4668.40698
2025-06-02,4689.52334
2025-06-03,4664.79438
2025-06-04,4709.09092
2025-06-15,4724.00226
2025-06-16,4783.65904
2025-06-17,4739.68888
2025-06-18,4776.82541
2025-06-19,4754.41449
2025-06-22,4677.60479
2025-06-23,4695.03269
2025-06-24,4717.65906
2025-06-25,4767.64325
2025-06-26,4832.83385
2025-06-29,4839.77914
2025-06-30,4838.39088
2025-07-02,4865.33107
2025-07-03,4894.06663
2025-07-07,4976.16208
2025-07-08,4981.63738
2025-07-09,5035.46564
2025-07-10,5068.0355
2025-07-13,5066.43531
2025-07-14,5061.83447
2025-07-15,5062.20263
2025-07-16,5116.89591
2025-07-17,5132.47867
2025-07-20,5194.0315
2025-07-21,5219.6238
2025-07-22,5270.57308
2025-07-23,5363.94527
2025-07-24,5392.04307
2025-07-27,5354.82887
2025-07-28,5332.06544
2025-07-29,5298.46943
2025-07-30,5352.19956
2025-07-31,5443.41623
2025-08-03,5536.14202
2025-08-04,5485.90898
2025-08-06,5471.15528
2025-08-07,5408.07123
2025-08-10,5351.03182
2025-08-11,5344.04937
2025-08-12,5315.44699
2025-08-13,5314.33128
2025-08-14,5350.24708
2025-08-17,5401.48875
2025-08-18,5419.90952
2025-08-19,5410.89697
2025-08-20,5379.4106
2025-08-21,5374.96139
2025-08-24,5389.17026
2025-08-25,5455.40088
2025-08-26,5448.83278
2025-08-27,5443.31356
2025-08-28,5517.94525
2025-08-31,5594.393
2025-09-01,5583.78597
2025-09-02,5620.91953
2025-09-03,5631.61606
2025-09-04,5614.27988
2025-09-07,5636.15369
2025-09-08,5627.59051
2025-09-09,5538.25128
2025-09-10,5473.14677
2025-09-11,5523.78412
2025-09-14,5468.35066
2025-09-15,5474.71583
2025-09-16,5509.60617
2025-09-17,5492.34342
2025-09-18,5449.92985
2025-09-21,5381.84925
2025-09-22,5337.14191
2025-09-23,5347.46815
2025-09-24,5392.65095
2025-09-25,5415.13384
2025-09-28,5380.07525
2025-09-29,5389.7754
2025-09-30,5415.78508
2025-10-05,5447.63342
2025-10-06,5423.64262
2025-10-07,5377.00459
2025-10-08,5337.86197
2025-10-09,5283.71827
2025-10-12,5202.46462
2025-10-13,5227.75415
2025-10-14,5197.26952
2025-10-15,5116.51184
2025-10-16,5119.41679
2025-10-19,5044.33829
2025-10-20,5111.59639
2025-10-21,5089.32967
2025-10-22,5094.69708
2025-10-23,5149.89318
2025-10-26,5126.97982
2025-10-27,5086.85584
2025-10-28,5084.12983
2025-10-29,5092.39526
2025-10-30,5122.22008
2025-11-02,5115.88454
2025-11-03,5061.01439
2025-11-04,5019.0728
2025-11-05,4986.89438
2025-11-06,4967.94073
2025-11-09,4899.9264
2025-11-10,4860.7515
2025-11-11,4872.76866
2025-11-12,4825.33498
2025-11-13,4702.68728
2025-11-16,4732.15626
2025-11-17,4774.95845
2025-11-18,4846.88341
2025-11-19,4901.37893
2025-11-20,4869.01293
2025-11-23,4915.74636
2025-11-24,5024.85563
2025-11-25,5018.28426
2025-11-26,5009.80088
2025-11-27,5028.14275
2025-11-30,4978.76861
2025-12-01,4914.72183
2025-12-02,4950.91722
2025-12-03,4927.49125
2025-12-04,4886.57032
2025-12-07,4872.64446
2025-12-08,4906.292
2025-12-09,4962.90249
2025-12-10,4941.84453
2025-12-11,4963.83194
2025-12-14,4932.96551
2025-12-15,4890.04595
2025-12-17,4853.90926
2025-12-18,4831.41208
2025-12-21,4826.47046
2025-12-22,4874.52473
2025-12-23,4860.62616
2025-12-24,4883.56887
2025-12-28,4869.00449
2025-12-29,4861.55681
2025-12-30,4865.33685
2026-01-01,4910.61355
2026-01-04,4965.24076
2026-01-05,4954.86843
2026-01-06,4953.60616
2026-01-07,4992.69656
2026-01-08,4998.54817
2026-01-11,4939.5914
2026-01-12,4942.05578
2026-01-13,4946.66824
2026-01-14,4966.51094
2026-01-15,4958.9876
2026-01-18,5035.18856
2026-01-19,5091.67726
2026-01-20,5108.94513
2026-01-21,5105.84233
2026-01-22,5099.60796
