market,group,agent,state,seed,NetWorth,Sharpe,Sortino,MaxDD,CAGR,Calmar
NASDAQ,Developed,BuyHold,-,-1,17129.419772974674,1.1337924253906044,1.5625003038701857,-0.2431846469252878,0.2439728353985371,1.0032411111565285
NASDAQ,Developed,Q-Learning,Baseline,0,9896.175651938189,-0.0126769625808032,-0.0073582880224109,-0.0976752014168375,-0.0042126914776133,-0.0431295908937235
NASDAQ,Developed,Q-Learning,Baseline,1,8989.07734665807,-0.4791037146895411,-0.3530476779145996,-0.1593113949650056,-0.0421929596603366,-0.2648458364785513
NASDAQ,Developed,Q-Learning,Baseline,2,8740.936432766543,-0.6501863239282994,-0.324949630973421,-0.231125893497711,-0.0529770060329899,-0.2292127689850786
NASDAQ,Developed,Q-Learning,Baseline,3,9688.077247229736,-0.1621410090920875,-0.1162483917878654,-0.1121724839679582,-0.0127362667408947,-0.1135418089200853
NASDAQ,Developed,Q-Learning,Baseline,4,9165.044017888426,-0.7234814878443738,-0.3520603759357127,-0.1138908744925478,-0.0346525798682187,-0.3042612502741116
NASDAQ,Developed,Q-Learning,+RetFore,0,9305.505646538812,-0.2403911795597606,-0.2349473408577801,-0.1515386856782183,-0.0286952863984526,-0.1893594778774556
NASDAQ,Developed,Q-Learning,+RetFore,1,10084.768602884767,0.0860576856008607,0.0972531520854116,-0.1524574928428145,0.0034202267384113,0.0224339694600331
NASDAQ,Developed,Q-Learning,+RetFore,2,9627.576705392124,-0.0731003376825401,-0.0766170326899228,-0.1584031109844394,-0.0152347521813414,-0.0961771021198049
NASDAQ,Developed,Q-Learning,+RetFore,3,8509.624935977097,-0.6209163805825818,-0.6150466835997669,-0.1956194038093365,-0.0631950902427286,-0.3230512362873758
NASDAQ,Developed,Q-Learning,+RetFore,4,9671.097742165455,-0.1386941508199172,-0.1243445564541425,-0.1463715132062596,-0.0134365276757983,-0.0917974227455891
NASDAQ,Developed,Q-Learning,+VolFore,0,9582.59598161469,-0.1955689960089957,-0.1730572122152539,-0.1159045292244889,-0.0170983830724096,-0.147521267604178
NASDAQ,Developed,Q-Learning,+VolFore,1,9619.676453817608,-0.2023749322305107,-0.1514044983529458,-0.1338305857987747,-0.0155616976232811,-0.1162790817232407
NASDAQ,Developed,Q-Learning,+VolFore,2,7812.990399717651,-0.9817547689305058,-0.772173597481486,-0.2646254245482662,-0.095007049560952,-0.3590246467163033
NASDAQ,Developed,Q-Learning,+VolFore,3,10160.621880479512,0.1280036726848195,0.1139793183666831,-0.0978351606075619,0.0064662549164944,0.0660933643515535
NASDAQ,Developed,Q-Learning,+VolFore,4,9311.39422733444,-0.4080148874826139,-0.2829094739976644,-0.148932036567103,-0.028446711745436,-0.191004651523905
NASDAQ,Developed,SARSA,Baseline,0,9782.630074022592,-0.1574331016006009,-0.0855759395703442,-0.082834519584021,-0.0088500658977983,-0.1068403117701996
NASDAQ,Developed,SARSA,Baseline,1,9598.03788143579,-0.3563434693170679,-0.1730279445010654,-0.080170309157735,-0.0164580117953856,-0.2052881168613085
NASDAQ,Developed,SARSA,Baseline,2,8745.992203137934,-0.662242551937388,-0.3784590310673387,-0.2436035774613603,-0.0527554785471314,-0.216562823488431
NASDAQ,Developed,SARSA,Baseline,3,10130.744445356886,0.1216760155640695,0.0913135088742426,-0.0710120800096177,0.0052680932844129,0.0741858749050193
NASDAQ,Developed,SARSA,Baseline,4,10165.366302150363,0.170678171220593,0.0805670852350071,-0.0588296459584603,0.0066563252483786,0.1131457641775637
NASDAQ,Developed,SARSA,+RetFore,0,10199.007146736703,0.1383039663531395,0.1344088312159182,-0.1519461988722727,0.0080025270856731,0.0526668461930232
NASDAQ,Developed,SARSA,+RetFore,1,11956.474159513094,0.7103984267006426,0.8696088176896878,-0.0815637201334727,0.0749543709143207,0.9189670455288796
NASDAQ,Developed,SARSA,+RetFore,2,9934.651670579617,0.0424325690083509,0.0468983644893488,-0.1731114224559466,-0.0026484644102994,-0.0152991892314795
NASDAQ,Developed,SARSA,+RetFore,3,11281.603599364153,0.4769616353559474,0.515133223383452,-0.100447657538197,0.0499864846546453,0.4976371363875709
NASDAQ,Developed,SARSA,+RetFore,4,9151.863110598451,-0.363001348233643,-0.3178757512797739,-0.1658673847026804,-0.035214394389906,-0.2123045133485163
NASDAQ,Developed,SARSA,+VolFore,0,10026.93831584279,0.0513483361601132,0.0458989807391088,-0.0694814380226482,0.0010887669963297,0.0156698972747109
NASDAQ,Developed,SARSA,+VolFore,1,9289.923294047285,-0.5098985419546667,-0.3467720123452137,-0.1470025613265952,-0.0293535164624519,-0.1996803062297511
NASDAQ,Developed,SARSA,+VolFore,2,7483.31232228549,-1.21042759566046,-0.8946581837709366,-0.2821545865102431,-0.1106521115797067,-0.3921683958708131
NASDAQ,Developed,SARSA,+VolFore,3,10051.990519296596,0.0666136921365687,0.0418233653026471,-0.07124671780754,0.0020997407764022,0.0294714036097057
NASDAQ,Developed,SARSA,+VolFore,4,9018.376412920485,-0.5666195690147434,-0.4252572394578484,-0.1216353792748455,-0.0409313987464864,-0.3365089909709733
NASDAQ,Developed,DQN,Baseline,0,15129.021576412304,0.9490922322065756,1.295177165662463,-0.2291063361440875,0.1823130290383496,0.7957572544955508
NASDAQ,Developed,DQN,Baseline,1,14413.490730892136,1.041238318078266,1.252972569281504,-0.1937686430308081,0.1593678116529562,0.8224644047633403
NASDAQ,Developed,DQN,Baseline,2,14065.523895762002,0.93254227278772,1.3156355740257362,-0.1583672226703327,0.1479639089828477,0.934308921296956
NASDAQ,Developed,DQN,Baseline,3,11219.587209303882,0.3982034443037697,0.5643630150852555,-0.2124600387049845,0.0476479479147691,0.2242678115139916
NASDAQ,Developed,DQN,Baseline,4,10291.576944204213,0.1533274759707714,0.12219067195324,-0.2102551747919431,0.011693287943963,0.0556147450614639
NASDAQ,Developed,DQN,+RetFore,0,13687.631395494373,0.8254962624515249,1.0904028111735549,-0.2142563968391089,0.1353872997330716,0.6318938511511784
NASDAQ,Developed,DQN,+RetFore,1,18049.94548552352,1.5418097791875578,2.2745600251470806,-0.1251667082137763,0.26982261815057074,2.155705954075074
NASDAQ,Developed,DQN,+RetFore,2,9473.739557181994,-0.2507200063993482,-0.13559387797539776,-0.13803775549870156,-0.021630163154514936,-0.1566974417702822
NASDAQ,Developed,DQN,+RetFore,3,12705.468875094735,0.7499314683980075,0.9846009163081233,-0.15395757894623452,0.10170076898448821,0.660576567129208
NASDAQ,Developed,DQN,+RetFore,4,8559.63715112565,-0.5925352324478119,-0.5622286373442243,-0.1804039498512108,-0.060971938828217276,-0.3379745226097669
NASDAQ,Developed,DQN,+VolFore,0,11918.858533699979,0.5403521664365091,0.6771445146121982,-0.147947589962683,0.07358514534732885,0.4973730586986374
NASDAQ,Developed,DQN,+VolFore,1,14386.855430502012,0.8936631551070741,1.1547897375748726,-0.23379060009344252,0.15850072741862653,0.6779602231851848
NASDAQ,Developed,DQN,+VolFore,2,13582.76597947608,0.7798395207058619,1.059562145198556,-0.24942386467908043,0.1318607165447292,0.5286611877089558
NASDAQ,Developed,DQN,+VolFore,3,14159.16963720534,0.8911661164059262,1.0706063087360718,-0.23126495483823473,0.15104932760407808,0.6531440429834298
NASDAQ,Developed,DQN,+VolFore,4,11176.407395459253,0.33839551593850065,0.42492188663883435,-0.26989272567813094,0.04601515857649918,0.17049425270989155
NASDAQ,Developed,PPO,Baseline,0,16060.914488347711,1.16352884784586,1.5790306550941848,-0.21120293500201112,0.21124756819765733,1.000211328477256
NASDAQ,Developed,PPO,Baseline,1,17130.08267779933,1.131355578381105,1.5585599892060922,-0.24318464692528788,0.24323832039239246,1.0002207107512049
NASDAQ,Developed,PPO,Baseline,2,13076.901978291171,0.7722309865604666,0.9828155760389733,-0.199248350917697,0.11461674888723117,0.5752456587909245
NASDAQ,Developed,PPO,Baseline,3,17177.666626534352,1.1381819215894808,1.562661067242788,-0.24318464692528788,0.2446340750296483,1.0059601957676207
NASDAQ,Developed,PPO,Baseline,4,12935.922588071899,1.0105350889182225,1.3291079407651187,-0.13610805239765134,0.1097404681641676,0.806274619540842
NASDAQ,Developed,PPO,+RetFore,0,17426.97741173862,1.1969736492921164,1.654370375365412,-0.23241811470235374,0.2519096049013456,1.0838639028755128
NASDAQ,Developed,PPO,+RetFore,1,17530.62631828475,1.186003787850763,1.6483114832271353,-0.24318464692528788,0.25491610185391655,1.0482409357494702
NASDAQ,Developed,PPO,+RetFore,2,17674.874600637508,1.222123212931961,1.6789473546871025,-0.25201961803808964,0.2590826817349554,1.0280258487447207
NASDAQ,Developed,PPO,+RetFore,3,19286.30237042043,1.3843455661024828,1.9215401629125595,-0.22772185268667966,0.30431234979096566,1.3363335411131132
NASDAQ,Developed,PPO,+RetFore,4,13640.877298109619,1.2506964556689282,1.7395395281608221,-0.11899555530753844,0.13381697241803425,1.12455437575854
NASDAQ,Developed,PPO,+VolFore,0,17384.249466491492,1.1690782903087458,1.6256759857437497,-0.24318464692528788,0.2506671153204889,1.0307686710027752
NASDAQ,Developed,PPO,+VolFore,1,16671.8338915449,1.0828489490716948,1.483941064865413,-0.24318464692528788,0.229676937414236,0.9444549247545787
NASDAQ,Developed,PPO,+VolFore,2,15076.102410415919,0.9224750740783105,1.2315163365619892,-0.2431846469252878,0.18063847162589952,0.7428037662289315
NASDAQ,Developed,PPO,+VolFore,3,17130.08267779933,1.131355578381105,1.5585599892060922,-0.24318464692528788,0.24323832039239246,1.0002207107512049
NASDAQ,Developed,PPO,+VolFore,4,13544.831414113007,1.22594140493696,1.7117750968321428,-0.12780881192645216,0.13058099962509595,1.0216901139744368
